time/fps,time/time_elapsed,rollout/ep_len_mean,time/total_timesteps,rollout/ep_rew_mean,time/iterations,train/explained_variance,train/approx_kl,train/entropy_loss,train/clip_range,train/learning_rate,train/loss,train/policy_gradient_loss,train/n_updates,train/clip_fraction,train/value_loss
3812,4,27.14,16384,-99.86459108,1,,,,,,,,,,
2492,13,27.54,32768,-99.40303674,2,0.002768099308013916,0.0070666,-2.372438651230186,0.2,0.0003,51.189453125,-0.004999465418404725,10,0.062396240234375,646.738847965002
2036,24,27.22,49152,-99.11030699999999,3,0.7724509090185165,0.007683697,-2.369892181828618,0.2,0.0003,10.669638633728027,-0.007961725171571742,20,0.08778076171875,38.3584165899083
1842,35,26.74,65536,-98.89557416999996,4,0.6645872294902802,0.007801109,-2.3684919092804195,0.2,0.0003,5.544863224029541,-0.006792385450262372,30,0.07430419921875,10.652867208234966
1738,47,26.97,81920,-98.72777587,5,0.8303349763154984,0.0076145693,-2.3588180168531836,0.2,0.0003,2.5913989543914795,-0.007220604336180258,40,0.0710205078125,6.372524115908891
1679,58,27.63,98304,-98.67777007999997,6,0.8991320431232452,0.008268725,-2.349912152532488,0.2,0.0003,1.6365803480148315,-0.00930194376869622,50,0.09110107421875,5.274213206768036
1623,70,27.24,114688,-97.45696493000001,7,0.8948941081762314,0.007623396,-2.339662165939808,0.2,0.0003,2.6727020740509033,-0.008565162434024387,60,0.08604736328125,5.844736232794821
3776,4,27.02,16384,-96.21230435000001,1,0.900723285973072,0.0077791875,-2.3262631789781154,0.2,0.0003,4.026401519775391,-0.008208595498672366,70,0.087420654296875,5.580629113968461
2044,16,27.77,32768,-97.57315383,2,0.905359074473381,0.008214721,-2.3134711532853545,0.2,0.0003,3.1569478511810303,-0.008718891793614602,80,0.098004150390625,5.497617585584521
1827,26,27.0,49152,-96.30103043,3,0.9119203016161919,0.0086253695,-2.2979583606123923,0.2,0.0003,3.0595133304595947,-0.009192120777333912,90,0.10106201171875,5.263139278907329
1500,43,27.93,65536,-96.08636833999999,4,0.9037454724311829,0.0074693067,-2.2831465859897433,0.2,0.0003,3.1563241481781006,-0.008763659752798959,100,0.096942138671875,5.815732563100755
1479,55,28.18,81920,-97.21030517999999,5,0.8972428739070892,0.008489983,-2.266241034027189,0.2,0.0003,2.1152422428131104,-0.008523680151756707,110,0.090838623046875,6.062283493299037
1453,67,27.83,98304,-95.58126963,6,0.9010530263185501,0.0076462617,-2.2564396362751724,0.2,0.0003,2.831411361694336,-0.0075886158821049324,120,0.085113525390625,6.13354013748467
1433,79,28.42,114688,-95.88556213,7,0.9072966650128365,0.008607796,-2.242850254755467,0.2,0.0003,2.2685885429382324,-0.00872450804536129,130,0.096319580078125,5.733395669888705
3352,4,28.97,16384,-94.78071219999998,1,0.8981134817004204,0.0087930085,-2.2200556649826466,0.2,0.0003,2.061250925064087,-0.009246944462302054,140,0.100372314453125,6.587499006185681
1879,17,28.79,32768,-94.46040904000002,2,0.878881461918354,0.0075606355,-2.1978283611126246,0.2,0.0003,3.6296088695526123,-0.008654798168754496,150,0.086285400390625,8.014041479770095
1665,29,29.23,49152,-95.16183033000002,3,0.8852128237485886,0.007702631,-2.179854488838464,0.2,0.0003,3.4728612899780273,-0.00829609679085479,160,0.092437744140625,7.676156563684344
1529,42,29.35,65536,-94.30938764999999,4,0.8768376782536507,0.008058423,-2.1663422073237597,0.2,0.0003,4.377264499664307,-0.00730477449560567,170,0.081475830078125,8.267483068443834
1498,54,29.6,81920,-94.60836749,5,0.8895320743322372,0.0077647483,-2.1437753786332907,0.2,0.0003,3.7108728885650635,-0.008293805258108477,180,0.093280029296875,7.610215756110847
1480,66,29.3,98304,-93.85161465000002,6,0.8877080529928207,0.008357206,-2.125009526871145,0.2,0.0003,2.8995909690856934,-0.008470641901294585,190,0.097772216796875,7.981513405032456
1477,77,30.44,114688,-93.11078447,7,0.8706616461277008,0.0085026035,-2.104502827581018,0.2,0.0003,2.8665528297424316,-0.007233564006401139,200,0.084967041015625,9.302060624584556
3519,4,29.42,16384,-92.17673647000001,1,0.8615482598543167,0.0084212255,-2.0802977565675973,0.2,0.0003,5.5602707862854,-0.008239580950157688,210,0.095233154296875,10.130490584298968
2060,15,29.48,32768,-91.49818455999998,2,0.8587625324726105,0.0092918,-2.05428118314594,0.2,0.0003,3.42279052734375,-0.008327206179274071,220,0.096466064453125,10.221833107899874
1825,26,29.27,49152,-92.3301797,3,0.8515618741512299,0.007162741,-2.035601529898122,0.2,0.0003,5.334212303161621,-0.006769481591618387,230,0.073541259765625,11.500270424969495
1693,38,29.15,65536,-91.9885886,4,0.8453506976366043,0.009350597,-2.0191944774705917,0.2,0.0003,3.907869338989258,-0.008649705002244445,240,0.100335693359375,12.178699444048107
1549,52,29.56,81920,-90.90297031999998,5,0.8486612141132355,0.007918193,-1.9938909879885613,0.2,0.0003,5.79716157913208,-0.008117272741492343,250,0.091455078125,11.970438495464624
1487,66,30.83,98304,-90.67981409999997,6,0.8371308892965317,0.0075776987,-1.9744517511222512,0.2,0.0003,5.465944290161133,-0.006754798946349183,260,0.077252197265625,13.325727980025112
1450,79,30.17,114688,-90.74401424,7,0.8199666887521744,0.007998866,-1.946874937415123,0.2,0.0003,8.65924072265625,-0.0074029307395903745,270,0.08663330078125,14.910616903193295
3273,5,30.19,16384,-88.86580290000002,1,0.8454569429159164,0.00773479,-1.934035945357755,0.2,0.0003,6.24038553237915,-0.00573194214493924,280,0.0857421875,12.960808041132987
1839,17,30.09,32768,-89.61374377000001,2,0.8283764123916626,0.0078109214,-1.90199100705795,0.2,0.0003,7.790074348449707,-0.0077306881147706005,290,0.09613037109375,15.050025001913308
1659,29,30.59,49152,-87.35205425999999,3,0.8217956125736237,0.008627079,-1.8863406423479319,0.2,0.0003,8.850053787231445,-0.007766254378293524,300,0.091973876953125,16.501765215024353
1563,41,30.15,65536,-86.69739512000002,4,0.8237097710371017,0.009145154,-1.8527860911097378,0.2,0.0003,9.993593215942383,-0.007868083305493202,310,0.101788330078125,17.27191780656576
1460,56,29.1,81920,-86.10548716000002,5,0.8291122764348984,0.009195323,-1.8213893450796603,0.2,0.0003,8.699265480041504,-0.008501182956115372,320,0.1091064453125,18.048266170732678
1379,71,30.63,98304,-84.45980298999999,6,0.8247621804475784,0.00851986,-1.8087790805846453,0.2,0.0003,10.070980072021484,-0.00855814759729583,330,0.10360107421875,19.905210783332585
1308,87,31.84,114688,-82.20388677000001,7,0.8355351090431213,0.008838042,-1.792142370250076,0.2,0.0003,9.134684562683105,-0.008634534087195788,340,0.100726318359375,19.560816276445983
2986,5,31.12,16384,-82.25621967,1,0.8537841141223907,0.008634599,-1.7710412884131075,0.2,0.0003,9.620556831359863,-0.008172870806538413,350,0.103607177734375,18.68086869455874
1555,21,31.85,32768,-81.29630103000001,2,0.853347972035408,0.009169222,-1.7479845642112195,0.2,0.0003,5.899481773376465,-0.00940950275899013,360,0.10611572265625,19.951583873108028
1387,35,32.36,49152,-80.65865704,3,0.8535275161266327,0.008953854,-1.7300177512690424,0.2,0.0003,13.627096176147461,-0.007729977790404519,370,0.104461669921875,20.55165994875133
1303,50,32.56,65536,-80.53348142,4,0.875620886683464,0.008084197,-1.7103247669525445,0.2,0.0003,11.263004302978516,-0.006803615053377144,380,0.09383544921875,18.553213235549627
1250,65,33.58,81920,-78.68706204,5,0.8883837908506393,0.0073674936,-1.7033505606930703,0.2,0.0003,8.006474494934082,-0.006262571432762343,390,0.085858154296875,17.154072313569486
1206,81,33.54,98304,-79.24097321,6,0.888276107609272,0.0077173896,-1.6748489506542683,0.2,0.0003,7.464247226715088,-0.005807764258133829,400,0.08087158203125,17.91634927969426
1195,95,34.54,114688,-78.08602486999999,7,0.8894148170948029,0.008728784,-1.671332380361855,0.2,0.0003,7.811463356018066,-0.0073431748855000475,410,0.100262451171875,18.31196400038898
2910,5,34.99,16384,-76.71086249999999,1,0.9197061061859131,0.0074914703,-1.6572043433319776,0.2,0.0003,8.054450035095215,-0.006274381730054302,420,0.09705810546875,13.27859744336456
1696,19,35.22,32768,-76.15240675000001,2,0.9188036322593689,0.008329029,-1.6343285988084972,0.2,0.0003,9.741900444030762,-0.006292358941755083,430,0.094964599609375,14.015624558739365
1446,33,35.84,49152,-74.97895891000002,3,0.9294946119189262,0.008258121,-1.627494026347995,0.2,0.0003,5.218966007232666,-0.005473260599774221,440,0.092877197265625,13.055982116796077
1381,47,35.89,65536,-75.39906528,4,0.9270505681633949,0.009585056,-1.6157913522329181,0.2,0.0003,15.226330757141113,-0.006356422870885581,450,0.108953857421875,14.193739084713162
1321,61,36.52,81920,-73.61034752,5,0.9177345559000969,0.007867819,-1.5898313898127525,0.2,0.0003,7.335933685302734,-0.0052651516863534194,460,0.09205322265625,16.501656536199153
1301,75,36.2,98304,-73.11261882,6,0.9223205670714378,0.0088957185,-1.5731837883591653,0.2,0.0003,5.115231990814209,-0.0066107471789109695,470,0.107080078125,16.410314023680986
1304,87,37.7,114688,-72.01921214000002,7,0.8957784175872803,0.0082047405,-1.5490241174120456,0.2,0.0003,6.123342514038086,-0.006124869237464736,480,0.090692138671875,22.39502413533628
3462,4,38.16,16384,-70.73395316000001,1,0.9226696938276291,0.00940533,-1.5345604883041233,0.2,0.0003,15.513784408569336,-0.007169967970185098,490,0.113116455078125,17.378063484281302
1864,17,38.18,32768,-71.38303318,2,0.922556921839714,0.008351342,-1.5318963552359492,0.2,0.0003,7.1531901359558105,-0.0065452672104584055,500,0.093719482421875,18.48382497485727
1492,32,38.07,49152,-71.53711453,3,0.9129187390208244,0.007673632,-1.5157475201878696,0.2,0.0003,11.717986106872559,-0.005390996099504264,510,0.091107177734375,21.9314526906237
1416,46,39.71,65536,-69.79993796,4,0.9220042452216148,0.007948745,-1.5187323205638676,0.2,0.0003,11.469886779785156,-0.00603157359701072,520,0.099749755859375,19.722837956249712
1375,59,39.65,81920,-69.82534735,5,0.9288584589958191,0.006985314,-1.5079845402389764,0.2,0.0003,10.957147598266602,-0.005236961446553323,530,0.09036865234375,18.87565245050937
1358,72,41.39,98304,-67.01906550999999,6,0.9389324858784676,0.008538199,-1.4803173263091594,0.2,0.0003,6.241095542907715,-0.006506512185842439,540,0.10162353515625,17.006420756131412
1355,84,41.7,114688,-67.29512771,7,0.9261550232768059,0.009331113,-1.4570297269150614,0.2,0.0003,10.590156555175781,-0.006276149225141125,550,0.1040283203125,21.27827880885452
3368,4,42.04,16384,-66.03741756,1,0.9187534675002098,0.00739701,-1.4354661411605776,0.2,0.0003,17.337438583374023,-0.004092268413023703,560,0.091778564453125,24.15530146472156
1829,17,42.68,32768,-65.25930871999999,2,0.9227051064372063,0.007351695,-1.4241035499610006,0.2,0.0003,5.240704536437988,-0.003686872297839727,570,0.08289794921875,23.89230422973633
1585,30,43.29,49152,-65.16632887,3,0.9388669990003109,0.008175367,-1.4200515922624617,0.2,0.0003,7.346024990081787,-0.006273924377637741,580,0.107794189453125,19.81623922418803
1490,43,45.02,65536,-62.91730747,4,0.9219147115945816,0.008227134,-1.4030334340408444,0.2,0.0003,7.812387943267822,-0.004726297944853286,590,0.1000732421875,26.343013283424078
1429,57,44.05,81920,-63.25474543,5,0.9391773119568825,0.007675348,-1.389112547552213,0.2,0.0003,11.075545310974121,-0.004312027949845287,600,0.0934814453125,21.28899831455201
1415,69,44.86,98304,-63.026957899999985,6,0.9564074315130711,0.0078807045,-1.3778518186416477,0.2,0.0003,11.420991897583008,-0.004832713808718836,610,0.09227294921875,15.423623031564057
1379,83,45.87,114688,-61.66518325,7,0.9577290266752243,0.009916123,-1.3641792349051685,0.2,0.0003,9.726868629455566,-0.007658827057821327,620,0.114044189453125,15.302924399450422
3049,5,45.03,16384,-63.478055870000006,1,0.951751995831728,0.009701306,-1.3573621984571218,0.2,0.0003,16.800413131713867,-0.006950506360999498,630,0.11845703125,18.433770659938453
1723,19,45.79,32768,-61.45270667999999,2,0.9414949826896191,0.008033134,-1.3531894987914712,0.2,0.0003,25.55475616455078,-0.005653567855461006,640,0.102044677734375,22.54710139464587
1523,32,47.97,49152,-59.40597819,3,0.9506766572594643,0.008642067,-1.3250750216655434,0.2,0.0003,10.117925643920898,-0.0052362864185852235,650,0.099102783203125,19.555266022495925
1416,46,48.89,65536,-57.89468724,4,0.9560487978160381,0.009299178,-1.311762867635116,0.2,0.0003,15.14864444732666,-0.004799670856482407,660,0.101861572265625,16.949187277443706
1349,60,49.84,81920,-57.351335889999994,5,0.9544051550328732,0.008722894,-1.2897307272534817,0.2,0.0003,16.43636131286621,-0.005193125549703836,670,0.10101318359375,18.81065343413502
1309,75,50.36,98304,-56.54995653000001,6,0.9458218589425087,0.009325085,-1.2709707003552466,0.2,0.0003,23.75147247314453,-0.005736207986046793,680,0.11558837890625,23.278310543484984
1302,88,50.38,114688,-56.83987792999999,7,0.9633060730993748,0.009198344,-1.258267237013206,0.2,0.0003,4.306142330169678,-0.005272782487827499,690,0.11348876953125,16.298342685215175
3093,5,51.9,16384,-55.49813352,1,0.9495872259140015,0.0088510085,-1.2633853823412209,0.2,0.0003,6.6429033279418945,-0.004925378518601064,700,0.101873779296875,23.172408364899457
1708,19,53.19,32768,-53.93812292999999,2,0.9633248448371887,0.008843349,-1.2483756558969616,0.2,0.0003,19.47020721435547,-0.005302913372815965,710,0.109771728515625,17.307391784898936
1486,33,52.11,49152,-55.2988486,3,0.9714044984430075,0.008316944,-1.257334574731067,0.2,0.0003,4.504366397857666,-0.004983190437451412,720,0.105255126953125,13.519268933683634
1381,47,53.12,65536,-53.96136603,4,0.9388966076076031,0.00715544,-1.239446099800989,0.2,0.0003,12.28943157196045,-0.0028979640480429223,730,0.083343505859375,31.40433189403266
1316,62,53.56,81920,-54.21649389,5,0.9514172598719597,0.008931858,-1.2208005330991,0.2,0.0003,12.624466896057129,-0.004652466322932014,740,0.1056640625,25.398181489668787
1291,76,53.72,98304,-54.000046170000005,6,0.948875654488802,0.008466864,-1.2128831819631158,0.2,0.0003,2.8073480129241943,-0.00480407788741104,750,0.101849365234375,26.398550087213515
1279,89,55.16,114688,-52.60874316,7,0.9596559703350067,0.009230111,-1.2082090327050536,0.2,0.0003,17.821699142456055,-0.005111595696143922,760,0.102703857421875,21.518244833685458
3198,5,56.59,16384,-51.917115589999995,1,0.9689165037125349,0.009646591,-1.1923666393384338,0.2,0.0003,4.319668769836426,-0.0033903150935202576,770,0.10439453125,16.925359661877156
1707,19,55.67,32768,-53.54260297,2,0.9735627379268408,0.0076393182,-1.1859928593505173,0.2,0.0003,10.289999008178711,-0.0040828185824466345,780,0.09730224609375,15.032885547634214
1497,32,56.28,49152,-52.01839371,3,0.9572222419083118,0.008843859,-1.1914663407020272,0.2,0.0003,2.4990103244781494,-0.003875246155075729,790,0.096051025390625,24.94519425276667
1400,46,57.67,65536,-51.24630688,4,0.93528713285923,0.008341959,-1.1742075796239078,0.2,0.0003,18.95438003540039,-0.0034315338044052625,800,0.09898681640625,36.621494211535904
1366,59,56.48,81920,-52.218857289999995,5,0.9636214859783649,0.0079067,-1.1701094054151326,0.2,0.0003,8.634668350219727,-0.002876254547481949,810,0.105657958984375,20.164100430067627
1350,72,57.92,98304,-50.46250044000001,6,0.9603024199604988,0.007828718,-1.1569955441169442,0.2,0.0003,3.457702159881592,-0.003360405042894854,820,0.096148681640625,23.00259217247367
1346,85,57.56,114688,-50.931680699999994,7,0.9731148313730955,0.0075865444,-1.1469115057494492,0.2,0.0003,1.8724709749221802,-0.002918566239713982,830,0.1030029296875,16.01824238919653
3492,4,58.87,16384,-49.5178777,1,0.9582964889705181,0.009398959,-1.1405131016857921,0.2,0.0003,4.904130458831787,-0.0031768406840456008,840,0.103289794921875,24.707670492306352
1952,16,57.58,32768,-50.32112759,2,0.9578923247754574,0.007835091,-1.1274323523743077,0.2,0.0003,2.177812099456787,-0.0034758359210172785,850,0.099676513671875,25.051305586006492
1690,29,58.03,49152,-49.14501725,3,0.9576908275485039,0.007728232,-1.116217629192397,0.2,0.0003,5.2350592613220215,-0.002311001583575489,860,0.086785888671875,25.741150728147478
1589,41,57.35,65536,-50.38377606000001,4,0.9609021544456482,0.008016331,-1.096769382734783,0.2,0.0003,4.17641544342041,-0.002403792851328035,870,0.091015625,22.818706908728927
1535,53,59.2,81920,-47.82053492,5,0.9642409421503544,0.0074949125,-1.0837435602443293,0.2,0.0003,2.2358579635620117,-0.002297302483475505,880,0.1020263671875,21.555081270262598
1478,66,58.41,98304,-49.07839202,6,0.9869712693616748,0.008475671,-1.0833267523674295,0.2,0.0003,0.9671792387962341,-0.0032620865898024933,890,0.10062255859375,7.452858396153897
1454,78,58.91,114688,-48.03129935999999,7,0.9745284244418144,0.009153262,-1.0714293374447152,0.2,0.0003,1.9883805513381958,-0.003311759047937812,900,0.104736328125,15.48397846436128
3439,4,57.36,16384,-48.879305290000005,1,0.9723596386611462,0.00795453,-1.0709298949688673,0.2,0.0003,5.284419059753418,-0.002078545079621108,910,0.094903564453125,17.002744001010434
1924,17,58.32,32768,-48.80233592,2,0.9767917618155479,0.0089465715,-1.0576586945680901,0.2,0.0003,2.486281156539917,-0.0031216645636959585,920,0.097479248046875,14.141912831040099
1680,29,57.55,49152,-49.84715539,3,0.9690049309283495,0.009258917,-1.062130137393251,0.2,0.0003,1.8516989946365356,-0.002569334811732915,930,0.100299072265625,19.159502930240706
1575,41,58.27,65536,-48.616066149999995,4,0.9624959528446198,0.009306771,-1.0530803334200756,0.2,0.0003,1.683387041091919,-0.0030273471325017454,940,0.097369384765625,23.19163288632408
1520,53,58.16,81920,-48.85817598,5,0.979756535962224,0.0066868104,-1.0403566251974552,0.2,0.0003,2.0396506786346436,-0.00142928376344571,950,0.09403076171875,12.43093203343451
1488,66,59.18,98304,-47.488597000000006,6,0.9762972872704268,0.008620307,-1.0418474985053763,0.2,0.0003,3.6359190940856934,-0.0024971717612515933,960,0.086395263671875,14.668854441586882
1465,78,58.73,114688,-47.78393268999999,7,0.986597147770226,0.008581927,-1.0279118575388566,0.2,0.0003,1.1536040306091309,-0.003623019490169099,970,0.100189208984375,8.467201551375911
3500,4,58.98,16384,-48.251696460000005,1,0.9729722365736961,0.008800628,-1.0166898571653291,0.2,0.0003,1.788902759552002,-0.0025744834514625837,980,0.093292236328125,17.02696798024699
1921,17,58.4,32768,-47.868538879999996,2,0.9613296315073967,0.01019324,-0.9989729469874874,0.2,0.0003,15.799213409423828,-0.0037831988340258247,990,0.112103271484375,24.15543256495148
1683,29,59.36,49152,-47.260009690000004,3,0.9719672426581383,0.009108785,-0.9832767465617508,0.2,0.0003,3.639613628387451,-0.003656924964616337,1000,0.11353759765625,17.209547266364098
1580,41,59.53,65536,-46.85070498,4,0.9856819333508611,0.008683499,-0.971269980724901,0.2,0.0003,2.9577603340148926,-0.004038563690664887,1010,0.110894775390625,8.846029648929834
1516,54,59.25,81920,-47.17453169000001,5,0.9666288308799267,0.009174233,-0.9602217084029689,0.2,0.0003,39.40550994873047,-0.0038677070818721403,1020,0.09573974609375,20.781897959299386
1457,67,59.54,98304,-46.12921969,6,0.9697800949215889,0.010031475,-0.9472290959442035,0.2,0.0003,13.63128662109375,-0.0033223386642021067,1030,0.108013916015625,18.55879091913812
1422,80,58.88,114688,-46.858984920000005,7,0.9737472087144852,0.009229269,-0.9527935404330492,0.2,0.0003,7.848055362701416,-0.002445800093300932,1040,0.0935546875,16.329947430826724
3091,5,59.72,16384,-45.70627780999999,1,0.9644482024013996,0.008886609,-0.9436533664586022,0.2,0.0003,3.537703037261963,-0.003977487803877011,1050,0.10338134765625,21.892230213806034
1750,18,59.44,32768,-46.026491220000004,2,0.9675743840634823,0.008006444,-0.9430450956802815,0.2,0.0003,1.7439711093902588,-0.0030846964306874723,1060,0.1034912109375,20.923824833799152
1498,32,60.41,49152,-45.0207938,3,0.9854846391826868,0.008674352,-0.9442759999074042,0.2,0.0003,7.622072219848633,-0.0019106515027488059,1070,0.09931640625,9.1875926412642
1367,47,58.63,65536,-47.58245194,4,0.9844589792191982,0.0073262546,-0.9285118194296956,0.2,0.0003,1.5378553867340088,-0.002152523745462531,1080,0.08948974609375,10.263681285083294
1328,61,60.75,81920,-45.43922298,5,0.9752955082803965,0.007861568,-0.9251794903306291,0.2,0.0003,7.099557876586914,-0.003171682848369528,1090,0.095635986328125,16.104805703694
1306,75,60.55,98304,-46.049231309999996,6,0.9851007619872689,0.0071793003,-0.919421243853867,0.2,0.0003,1.3524857759475708,-0.0018686064674511727,1100,0.091424560546875,9.817856859695166
1296,88,61.11,114688,-44.91555032,7,0.9784153085201979,0.0065178126,-0.9053576323902235,0.2,0.0003,5.878108978271484,-0.002749757216179205,1110,0.076025390625,14.36156334145926
3278,4,61.19,16384,-45.15846539,1,0.9861039547249675,0.0077309534,-0.8970063859829679,0.2,0.0003,4.751267910003662,-0.00259288367078625,1120,0.086004638671875,9.3106579804793
1756,18,61.47,32768,-44.656239490000004,2,0.9504864402115345,0.0067739827,-0.8819807822816074,0.2,0.0003,11.848030090332031,-0.0028139614036263084,1130,0.076483154296875,32.804624422406775
1511,32,61.12,49152,-45.488490029999994,3,0.9793672040104866,0.009825867,-0.8779399935156107,0.2,0.0003,5.455592632293701,-0.002740147055374109,1140,0.10556640625,13.682074554916472
1382,47,60.98,65536,-45.21011154999999,4,0.9612865895032883,0.0076913433,-0.8662419525673613,0.2,0.0003,3.0311944484710693,-0.0011770636333494622,1150,0.08001708984375,26.67390992352739
1263,64,61.55,81920,-44.83264812,5,0.9733124431222677,0.007283373,-0.8760214664740488,0.2,0.0003,41.26810836791992,-0.0020149147198026186,1160,0.096038818359375,18.729978567082433
1233,79,61.56,98304,-44.46040217000001,6,0.9776347111910582,0.008225889,-0.8645399645203724,0.2,0.0003,2.391117811203003,-0.003291399171394005,1170,0.10059814453125,15.667791554238647
1183,96,61.92,114688,-43.48686520999999,7,0.9842154048383236,0.008123522,-0.8636163265444339,0.2,0.0003,8.071869850158691,-0.004618158463108557,1180,0.097247314453125,11.155910407844932
2816,5,60.68,16384,-45.45712000999999,1,0.9603748768568039,0.007096187,-0.8548543110257014,0.2,0.0003,3.3869242668151855,-0.0003398943793399667,1190,0.077813720703125,27.971183045627548
1645,19,62.5,32768,-42.90910736999999,2,0.9750422555953264,0.0079475455,-0.8525209138635546,0.2,0.0003,35.736968994140625,-0.002022533480021593,1200,0.098956298828125,16.91414048252627
1444,34,62.12,49152,-43.87979016000001,3,0.973042419180274,0.0063843993,-0.8379484764533117,0.2,0.0003,7.855413436889648,-0.0015276264854492184,1210,0.08330078125,19.149229536065832
1317,49,61.9,65536,-43.94921678000001,4,0.989537799730897,0.0086218845,-0.8338461269624531,0.2,0.0003,1.8672016859054565,-0.0036275665165703685,1220,0.101226806640625,7.418342352937907
1254,65,62.99,81920,-42.764621059999996,5,0.975688761100173,0.008087626,-0.83031592881307,0.2,0.0003,1.9829846620559692,-0.00036105149529248594,1230,0.075189208984375,17.856540108751506
1237,79,62.59,98304,-42.64236659,6,0.9883174803107977,0.007863909,-0.8184003063477576,0.2,0.0003,1.4085304737091064,-0.002415119788111042,1240,0.093939208984375,8.569786020740867
1222,93,62.76,114688,-42.10365019999999,7,0.9715789090842009,0.00974083,-0.8126271944958716,0.2,0.0003,10.439962387084961,-0.004024443077378237,1250,0.094573974609375,20.43861250714399
1861,8,63.0,16384,-42.04025394999999,1,0.9854871919378638,0.0082760705,-0.8184077288256958,0.2,0.0003,1.6587673425674438,-0.0015710540591499012,1260,0.089990234375,10.821292430022732
1150,28,61.88,32768,-43.39543247,2,0.9881501281633973,0.0071534286,-0.8177179310936481,0.2,0.0003,1.5834274291992188,-0.001449827119768088,1270,0.082684326171875,8.438253566576169
1054,46,64.71,49152,-39.82495866,3,0.9698912426829338,0.008383991,-0.8168538112891838,0.2,0.0003,3.856125593185425,-0.0021444647923090088,1280,0.0886962890625,22.204901090450583
1003,65,63.38,65536,-41.9658596,4,0.9787450414150953,0.0077632153,-0.8104270822601393,0.2,0.0003,4.422580718994141,-0.0017638626492953336,1290,0.092303466796875,15.223329587560148
971,84,61.81,81920,-44.121208929999995,5,0.9708341863006353,0.008219291,-0.808512563072145,0.2,0.0003,20.44190216064453,-0.0015641805320228742,1300,0.091552734375,21.55734388008714
954,103,63.84,98304,-41.06831319999999,6,0.9436436332762241,0.0071516316,-0.7999375849263742,0.2,0.0003,4.230860710144043,-0.002204150077977829,1310,0.085809326171875,41.07103408053517
940,121,63.78,114688,-41.32653483,7,0.9742368943989277,0.007590911,-0.7913190360181034,0.2,0.0003,6.481624126434326,-0.0018531347353473392,1320,0.096484375,19.1307397171855
2236,7,62.6,16384,-43.267877860000006,1,0.9703609459102154,0.0071827425,-0.7913630560506135,0.2,0.0003,1.4212194681167603,-0.002526722360948952,1330,0.08511962890625,21.77790060508996
1300,25,65.29,32768,-40.112359129999994,2,0.976895771920681,0.007820369,-0.792135787429288,0.2,0.0003,3.3786227703094482,-0.0013252887038561311,1340,0.099285888671875,17.34830133151263
1156,42,64.68,49152,-41.42953031,3,0.9811074621975422,0.007972629,-0.7918429333483801,0.2,0.0003,9.590455055236816,-0.0013445372342175688,1350,0.10140380859375,13.863975629722699
1073,61,66.16,65536,-39.75211692,4,0.973432594910264,0.0083227875,-0.7801292313728482,0.2,0.0003,3.7383058071136475,-0.0013617180623441527,1360,0.0840576171875,20.328586889477446
1031,79,65.98,81920,-39.74505895,5,0.9869593726471066,0.008302828,-0.7746913108509034,0.2,0.0003,21.832815170288086,-0.00179749662447648,1370,0.09918212890625,10.181321977777406
1005,97,65.34,98304,-40.01918697000001,6,0.9767352882772684,0.0063450346,-0.7696771377697587,0.2,0.0003,13.152571678161621,-0.001819663737069277,1380,0.085491943359375,17.89088219217956
986,116,64.45,114688,-40.81980433,7,0.9881059108301997,0.0083195865,-0.7665214233333245,0.2,0.0003,1.5967974662780762,-0.0023562249946280645,1390,0.1079345703125,9.306969329155981
2279,7,64.48,16384,-40.78778009,1,0.9915524879470468,0.0072006257,-0.7602988968603313,0.2,0.0003,4.041822910308838,-0.002119072323466753,1400,0.084210205078125,6.639613182703033
1305,25,64.76,32768,-41.045611519999994,2,0.9815653618425131,0.007301579,-0.7576681846519933,0.2,0.0003,2.8949928283691406,-0.0020761035414125217,1410,0.0794189453125,13.952430613804609
1154,42,63.72,49152,-43.2432967,3,0.9826533105224371,0.007971612,-0.7528391324449331,0.2,0.0003,1.4912594556808472,-0.001530406259917072,1420,0.0915283203125,13.269589038239792
1096,59,64.55,65536,-41.521683870000004,4,0.962183028459549,0.009363287,-0.7528708392987028,0.2,0.0003,9.246091842651367,-0.002309512455758522,1430,0.086846923828125,28.28570569297299
1031,79,64.52,81920,-41.70759642000001,5,0.988235903903842,0.007848949,-0.7492456224979833,0.2,0.0003,0.9069201350212097,-0.0007606141602082061,1440,0.092022705078125,8.561125699756667
1025,95,64.46,98304,-41.775498670000005,6,0.9798863120377064,0.0074439514,-0.7540168782230466,0.2,0.0003,2.0996768474578857,-0.0010196948861903366,1450,0.079290771484375,15.789392486819997
1010,113,64.18,114688,-41.80883649,7,0.9569860026240349,0.0072492454,-0.7521971465321258,0.2,0.0003,1.9310333728790283,-0.0014234653867333691,1460,0.074072265625,33.91522685261443
2286,7,64.09,16384,-41.76740707,1,0.9811354260891676,0.006699308,-0.7464979867450893,0.2,0.0003,2.1185851097106934,-0.0015648223411517392,1470,0.094317626953125,14.31622795527801
1207,27,65.56,32768,-40.14791862000001,2,0.9739417135715485,0.006978179,-0.7482955094659701,0.2,0.0003,27.292024612426758,-0.001144040308372496,1480,0.09183349609375,20.27277099285275
1186,41,64.63,49152,-41.81481008000001,3,0.9705227445811033,0.008566728,-0.7376453550066799,0.2,0.0003,2.0129237174987793,-0.0011321510844027217,1490,0.096087646484375,23.300947256339715
1239,52,66.0,65536,-39.93390681,4,0.9769239407032728,0.008999657,-0.7248095552437007,0.2,0.0003,13.923386573791504,-0.001812870222283891,1500,0.09974365234375,18.003289663931355
1284,63,65.43,81920,-41.16923232,5,0.9816213492304087,0.0077606547,-0.7115993300452829,0.2,0.0003,27.89134979248047,-0.0009333772434729326,1510,0.085882568359375,14.602275082003326
1320,74,65.74,98304,-40.681468009999996,6,0.9721567332744598,0.007250134,-0.6978592136641965,0.2,0.0003,1.7211992740631104,-0.00142143433399724,1520,0.095941162109375,22.100810346053912
1344,85,65.08,114688,-41.137148,7,0.9715386983007193,0.0067376075,-0.7023435231763869,0.2,0.0003,2.092266798019409,-0.0008516061259797425,1530,0.081329345703125,22.56219643605873
3632,4,65.08,16384,-41.12789722,1,0.9749417807906866,0.009630152,-0.7009050310589373,0.2,0.0003,3.235483407974243,-0.0019485629528389835,1540,0.105255126953125,19.46473357914947
2162,15,65.64,32768,-40.391934070000005,2,0.9637549817562103,0.007067322,-0.6950555568560958,0.2,0.0003,17.995887756347656,-0.0005483114302933245,1550,0.08079833984375,27.196467706374825
1908,25,63.44,49152,-43.99342632999999,3,0.9838986489921808,0.006938791,-0.7011727890465409,0.2,0.0003,4.892507553100586,-0.001138107651604514,1560,0.08504638671875,11.764935650955886
1803,36,64.99,65536,-40.67601269,4,0.9611336588859558,0.008049188,-0.6944952666061,0.2,0.0003,11.593815803527832,-0.002372850838310114,1570,0.094854736328125,30.024401916423813
1747,46,63.44,81920,-42.99593619,5,0.9585040025413036,0.007971034,-0.7055323977721855,0.2,0.0003,2.7779080867767334,-0.0013712429643419454,1580,0.096063232421875,31.516122769517825
1708,57,66.12,98304,-39.23531756,6,0.963603500276804,0.0074760085,-0.7096300786128268,0.2,0.0003,1.7012065649032593,-0.0007011054221038648,1590,0.097772216796875,28.605195237929003
1685,68,64.99,114688,-40.577674990000006,7,0.988880829885602,0.008343213,-0.7140786387491971,0.2,0.0003,2.159937620162964,-0.0016371369385524304,1600,0.105364990234375,7.180651891930029
3107,5,64.63,16384,-41.73672113,1,0.972619004547596,0.008313581,-0.7034789587603882,0.2,0.0003,2.3351263999938965,-0.0011625076648215326,1610,0.0886962890625,21.055828953254967
1929,16,66.47,32768,-38.89822483,2,0.9721696358174086,0.008135756,-0.7097197714727372,0.2,0.0003,16.758909225463867,-0.0014629272676756956,1620,0.0926025390625,21.537298460491
1739,28,66.08,49152,-39.40508122999999,3,0.9881049701943994,0.0077041592,-0.7205509970430285,0.2,0.0003,1.8006949424743652,-0.001660629250909551,1630,0.10029296875,9.283309955243022
1651,39,66.18,65536,-39.95939464,4,0.991166777908802,0.0066709192,-0.7028221134096384,0.2,0.0003,2.7484467029571533,-0.0009571923159455764,1640,0.0814453125,7.023215502453968
1581,51,66.82,81920,-38.7450631,5,0.9909420786425471,0.0064782165,-0.6955864771036431,0.2,0.0003,1.0042365789413452,-0.0008422929392054357,1650,0.081231689453125,7.181244516908191
1540,63,65.68,98304,-40.90794821,6,0.9959769230335951,0.006816002,-0.6931656026747077,0.2,0.0003,1.1994997262954712,-0.002057661358412588,1660,0.087615966796875,2.9279443700797856
1534,74,66.02,114688,-39.91451816,7,0.9763368144631386,0.0076635554,-0.6863157752202824,0.2,0.0003,0.9274021983146667,-0.0017309991451384121,1670,0.090185546875,19.306308789364994
3600,4,66.52,16384,-39.360197830000004,1,0.9894138183444738,0.008862166,-0.67501356494613,0.2,0.0003,1.514021635055542,-0.0023849730786423607,1680,0.10802001953125,8.298132295021787
2065,15,65.35,32768,-41.13345975,2,0.9842047039419413,0.0077574262,-0.6661377983167768,0.2,0.0003,1.7990070581436157,-0.0014061871135254479,1690,0.092987060546875,12.967723228386603
1807,27,66.35,49152,-39.188561889999995,3,0.9656617678701878,0.008533487,-0.6633142255246639,0.2,0.0003,7.166433811187744,-0.002236427276147879,1700,0.085552978515625,26.661861327989026
1705,38,64.9,65536,-40.663090620000006,4,0.9839009363204241,0.0074823173,-0.6678787332959473,0.2,0.0003,1.4402656555175781,-0.0011818919407232896,1710,0.092840576171875,12.713611258240416
1618,50,66.38,81920,-39.23573464,5,0.9736127723008394,0.009160958,-0.6564114093082025,0.2,0.0003,27.037097930908203,-0.0021710190256271746,1720,0.08861083984375,20.868321078503506
1570,62,65.26,98304,-40.473772219999994,6,0.9766718037426472,0.007682666,-0.6422437297180295,0.2,0.0003,3.4223697185516357,-0.0008030071005123319,1730,0.0903564453125,18.85728711397387
1557,73,65.5,114688,-40.5970082,7,0.9806462246924639,0.0063949116,-0.6462265875190496,0.2,0.0003,44.38441848754883,-0.0010729919593359227,1740,0.086651611328125,15.651714064646512
3320,4,65.56,16384,-40.935162420000005,1,0.9776247292757034,0.0072205006,-0.6446798169752583,0.2,0.0003,46.1806640625,-0.001709916969321057,1750,0.082867431640625,17.667067142901942
1905,17,66.19,32768,-39.63899147,2,0.9812870547175407,0.007616686,-0.6333667354658246,0.2,0.0003,39.2707405090332,-0.0010793308649226674,1760,0.092047119140625,15.032065158337355
1703,28,65.94,49152,-39.55696610999999,3,0.9924962664954364,0.0074114753,-0.6313983609899878,0.2,0.0003,2.0020899772644043,-0.002110103199356672,1770,0.091876220703125,5.9075708444230255
1623,40,65.19,65536,-40.09407026,4,0.9701991677284241,0.007363682,-0.6333741448586807,0.2,0.0003,6.2131476402282715,-0.0021413120258102934,1780,0.079034423828125,23.790347024332732
1584,51,66.17,81920,-39.09987467,5,0.9823399521410465,0.0083907265,-0.6409946658648551,0.2,0.0003,2.250094413757324,-0.0015006366912075463,1790,0.10079345703125,14.057490448188037
1536,63,65.65,98304,-39.912806460000006,6,0.9854987887665629,0.007925442,-0.6424408231396228,0.2,0.0003,0.951629638671875,-0.00026753156735139785,1800,0.085955810546875,11.837035444332287
1516,75,66.9,114688,-37.593301620000005,7,0.987930222414434,0.0076903347,-0.640966438758187,0.2,0.0003,1.4548650979995728,-0.0013497596559318482,1810,0.086199951171875,9.661391839152202
3312,4,65.63,16384,-39.24940768,1,0.9849704289808869,0.0069676535,-0.6387660388369113,0.2,0.0003,4.825083255767822,-0.0012681484911809093,1820,0.085919189453125,12.392909826431424
1829,17,65.86,32768,-39.49249539,2,0.9823637176305056,0.008585434,-0.6321896436158567,0.2,0.0003,1.3520008325576782,-0.0016932535364958313,1830,0.086614990234375,14.381618714518845
1530,32,65.57,49152,-39.74934588,3,0.9859276926144958,0.007649184,-0.6358484139898792,0.2,0.0003,1.8061177730560303,-0.0007737593819456378,1840,0.089111328125,11.501132782408968
1448,45,64.9,65536,-40.18279099,4,0.9807676430791616,0.008653011,-0.6263536931248381,0.2,0.0003,1.052880883216858,-0.0020044327605774014,1850,0.094927978515625,15.968713760515675
1420,57,65.38,81920,-39.50647668,5,0.972281914204359,0.008646028,-0.6251289108535275,0.2,0.0003,2.3439273834228516,-0.0008329961704703237,1860,0.09061279296875,22.43474075044505
1392,70,65.55,98304,-39.35712155,6,0.9772824421525002,0.0068626218,-0.6240782270440832,0.2,0.0003,3.830545663833618,-0.0006879042552100145,1870,0.094244384765625,18.67898252857849
1361,84,65.84,114688,-39.50338952,7,0.9914331892505288,0.0075425706,-0.6127134399255738,0.2,0.0003,8.550126075744629,-0.0017489612979261437,1880,0.09635009765625,6.743618563190102
3446,4,66.98,16384,-37.67239498000001,1,0.9913370860740542,0.006714698,-0.6048562237760052,0.2,0.0003,1.4992091655731201,-0.0025677055032247154,1890,0.089752197265625,6.980314352852292
1944,16,66.49,32768,-38.23244944,2,0.9938628897070885,0.006642907,-0.5923483350547031,0.2,0.0003,0.9973653554916382,-0.0018492533118660503,1900,0.086309814453125,5.0416189534822475
1552,31,67.75,49152,-36.997387440000004,3,0.9809445217251778,0.007087336,-0.5881258410052397,0.2,0.0003,1.2956162691116333,-0.002234422702122174,1910,0.082305908203125,15.41087888085749
1484,44,64.91,65536,-40.87071118,4,0.9805628191679716,0.0068017584,-0.5844058209098876,0.2,0.0003,5.0004401206970215,-0.0013082278616820986,1920,0.083966064453125,15.438538168976084
1456,56,65.29,81920,-40.04726223000001,5,0.978943632915616,0.0061914725,-0.5811681213323027,0.2,0.0003,2.9443626403808594,-0.00022509353593704872,1930,0.088763427734375,17.05723571171984
1400,70,65.84,98304,-40.202116520000004,6,0.9876167206093669,0.00736354,-0.5842795837088488,0.2,0.0003,1.0948158502578735,-0.0008684297804848029,1940,0.086029052734375,10.140257179457695
1364,84,66.23,114688,-39.73848983,7,0.9831261597573757,0.011535076,-0.5934633981552906,0.2,0.0003,4.058265209197998,-0.001529535968120399,1950,0.0856689453125,13.98975866921246
3190,5,66.24,16384,-39.32729396,1,0.9884913703426719,0.007997449,-0.5875258632237091,0.2,0.0003,0.9557235240936279,-0.001707908105890965,1960,0.088037109375,9.416804258013144
1806,18,66.71,32768,-38.73552835,2,0.9886738965287805,0.007371651,-0.5804712669458241,0.2,0.0003,2.240072727203369,-0.0004263073333277134,1970,0.073809814453125,9.420075799990446
1404,34,66.02,49152,-38.87208881,3,0.9879259774461389,0.0073346673,-0.5896520955953747,0.2,0.0003,11.693883895874023,-0.0019942485372666852,1980,0.094525146484375,10.084834073856474
1207,54,66.97,65536,-37.959153959999995,4,0.9695815462619066,0.009569688,-0.5911336556891911,0.2,0.0003,28.063207626342773,-0.0034262223057794474,1990,0.092767333984375,23.159231979679316
1118,73,65.9,81920,-39.49089222,5,0.9691323898732662,0.0076141846,-0.5840753558557481,0.2,0.0003,3.707585573196411,-0.0009303857920713199,2000,0.0841796875,25.021210676291957
1054,93,66.35,98304,-38.496430769999996,6,0.9771145507693291,0.007640602,-0.5745803486439399,0.2,0.0003,3.7859697341918945,-0.0006373434406668821,2010,0.098553466796875,19.05949910217896
1012,113,65.78,114688,-40.14788676,7,0.9909451883286238,0.008395322,-0.5670556813594885,0.2,0.0003,1.9232909679412842,-0.002226659875304904,2020,0.105474853515625,7.137784365890548
2122,7,65.78,16384,-39.76638188,1,0.9824491087347269,0.0072517097,-0.5687202453380451,0.2,0.0003,4.276447296142578,-0.0009625560016502277,2030,0.089862060546875,14.70158688374795
1381,23,66.93,32768,-38.88197721,2,0.9762615542858839,0.008388802,-0.5699675836716779,0.2,0.0003,1.7894877195358276,-0.0014731196377852029,2040,0.085162353515625,19.058701633522286
1273,38,66.71,49152,-38.924850979999995,3,0.9829894248396158,0.0074991817,-0.574957973335404,0.2,0.0003,2.6734280586242676,-0.0008281196563984849,2050,0.091082763671875,14.136168108298444
1244,52,64.61,65536,-41.37014524,4,0.9802652411162853,0.006971147,-0.568926782219205,0.2,0.0003,1.0962982177734375,-0.001037318370435969,2060,0.09205322265625,16.270666794199496
1230,66,65.95,81920,-38.94927094,5,0.9720578975975513,0.0076537738,-0.5664107069373131,0.2,0.0003,11.520691871643066,-0.0005325993551650754,2070,0.08240966796875,22.781367439124732
1211,81,65.92,98304,-39.26995637,6,0.9902887651696801,0.008558732,-0.5758908865391277,0.2,0.0003,1.0762685537338257,-0.0014912619219103363,2080,0.09219970703125,7.653975207591429
1209,94,66.27,114688,-38.63295652,7,0.9829881340265274,0.009087948,-0.5838713934528641,0.2,0.0003,1.4700050354003906,-0.001378071763429034,2090,0.094549560546875,13.811504410766066
2744,5,66.35,16384,-38.811243770000004,1,0.99073267262429,0.0080535915,-0.5721948172082193,0.2,0.0003,1.5780529975891113,-0.0019272170231943164,2100,0.095867919921875,7.584663348062895
1291,25,65.97,32768,-39.66925544,2,0.9772309046238661,0.0064457827,-0.5780572984367609,0.2,0.0003,1.338720440864563,-0.0011607756044213601,2110,0.076190185546875,18.38144226805307
1123,43,65.62,49152,-39.75905174,3,0.9717358369380236,0.007727128,-0.5699864999158308,0.2,0.0003,4.518952369689941,-0.0022978515690738276,2120,0.0864013671875,22.855140965618194
1054,62,65.1,65536,-40.56171673,4,0.974913015961647,0.008033715,-0.5731649347930216,0.2,0.0003,4.396845817565918,-0.0015656634480819775,2130,0.100531005859375,20.069074341189115
1018,80,66.74,81920,-37.92189761,5,0.9648876562714577,0.0074367346,-0.5640843521454372,0.2,0.0003,6.474858283996582,-0.001064930812071907,2140,0.08416748046875,27.044661729829386
987,99,66.68,98304,-38.611252809999996,6,0.9887350434437394,0.008007377,-0.5654453131486662,0.2,0.0003,2.0845556259155273,-0.002392829494783655,2150,0.095635986328125,7.2319419314619156
963,119,67.16,114688,-37.936612419999996,7,0.9834605026990175,0.007755618,-0.5592216136632487,0.2,0.0003,2.0324652194976807,-0.0005954447486146818,2160,0.083416748046875,13.817161404155195
2140,7,66.49,16384,-38.559630229999996,1,0.9846796281635761,0.0065658605,-0.5496648927102796,0.2,0.0003,1.0787348747253418,-0.002271915694745985,2170,0.0857666015625,12.81797376414761
1172,27,65.97,32768,-39.08552013,2,0.9851164566352963,0.0077577126,-0.5438005447736941,0.2,0.0003,2.3413097858428955,-0.0006779583488423669,2180,0.085772705078125,12.469133807113394
1028,47,66.5,49152,-38.10725817,3,0.9868504451587796,0.00796883,-0.5398908697534353,0.2,0.0003,1.8002135753631592,-0.001680776509010684,2190,0.082147216796875,10.945008116983809
979,66,66.56,65536,-38.43666357000001,4,0.9837720431387424,0.008867245,-0.544827162695583,0.2,0.0003,13.950705528259277,-0.0015450248170964186,2200,0.092059326171875,13.467390376282856
939,87,65.82,81920,-39.15134477,5,0.9625200629234314,0.009446308,-0.54108865193557,0.2,0.0003,1.3358901739120483,-0.001285275552800158,2210,0.075439453125,31.096371178887786
916,107,64.66,98304,-40.75431814,6,0.9794813636690378,0.007155269,-0.5385512701701373,0.2,0.0003,7.234209060668945,-0.0004930629454975132,2220,0.089031982421875,16.380372527148573
905,126,66.36,114688,-38.538768,7,0.9608862698078156,0.005777484,-0.5353067428339273,0.2,0.0003,35.86018371582031,-0.0013467665324242261,2230,0.07872314453125,32.30336674777791
2812,5,65.73,16384,-39.53170086,1,0.9888196932151914,0.007007176,-0.5397875605500303,0.2,0.0003,18.29340171813965,-0.00026326632028030874,2240,0.08629150390625,8.949541118647904
1487,22,66.55,32768,-38.97880222,2,0.982134910300374,0.008123783,-0.5405093943118118,0.2,0.0003,15.287083625793457,-0.0007806327713296924,2250,0.076263427734375,14.490049497410656
1212,40,66.02,49152,-39.700566609999996,3,0.9820778947323561,0.011388972,-0.5252015531179495,0.2,0.0003,1.228973627090454,-0.001170430240654241,2260,0.084564208984375,15.113648659456521
1082,60,67.5,65536,-37.803770990000004,4,0.9799688421189785,0.008495367,-0.5394933880888857,0.2,0.0003,1.5273025035858154,-0.0021796219404677684,2270,0.087335205078125,16.28894264320843
1025,79,64.91,81920,-41.60532054,5,0.9849391421303153,0.006714348,-0.5288047867943533,0.2,0.0003,1.0730664730072021,0.00033358892965225096,2280,0.08411865234375,12.369694811850787
992,99,66.39,98304,-39.09039446,6,0.96082703769207,0.007926162,-0.511973722698167,0.2,0.0003,28.64192771911621,-0.0008460533740617393,2290,0.07818603515625,32.09721094672568
961,119,65.6,114688,-40.09189593,7,0.9719149526208639,0.0069107926,-0.5138365046703257,0.2,0.0003,2.134406089782715,0.00010024232919931819,2300,0.085028076171875,23.059905077051372
2093,7,64.57,16384,-41.58197229,1,0.9788655415177345,0.00775788,-0.5127896818448789,0.2,0.0003,1.6426806449890137,-0.0003998614701686165,2310,0.087518310546875,16.930759926419704
1130,28,66.95,32768,-37.953815719999994,2,0.9668657667934895,0.0056379973,-0.5059645586065017,0.2,0.0003,7.226933002471924,-0.0005222709972713347,2320,0.076312255859375,26.805196013767272
1005,48,66.6,49152,-38.86332973000001,3,0.987664170563221,0.008805947,-0.5138747823308222,0.2,0.0003,1.0117607116699219,-0.0005352210477212793,2330,0.09599609375,9.787743875430897
940,69,66.26,65536,-39.14189440999999,4,0.9753254521638155,0.0070313793,-0.5143966005416587,0.2,0.0003,1.203871488571167,-0.000806661376827833,2340,0.080364990234375,20.49158325060271
924,88,66.35,81920,-38.250099729999995,5,0.9793533477932215,0.005910513,-0.49762915456667545,0.2,0.0003,26.940637588500977,0.0004593121864672867,2350,0.0748046875,17.390968746319412
907,108,66.97,98304,-37.84083199,6,0.9904173659160733,0.007922451,-0.5032370590372011,0.2,0.0003,1.0697969198226929,-0.0006181300102980458,2360,0.092535400390625,8.045889067254029
889,128,66.43,114688,-37.84444305,7,0.9777359943836927,0.007139691,-0.5039668966666795,0.2,0.0003,4.75985860824585,-0.0007138093819321512,2370,0.084906005859375,18.01646550409496
1629,10,65.96,16384,-38.24235967,1,0.9795614015311003,0.007408782,-0.505666499491781,0.2,0.0003,1.6744307279586792,-0.000256473128865764,2380,0.08343505859375,17.022687936760484
988,33,67.11,32768,-36.81214009,2,0.9830591063946486,0.007722292,-0.5040977517608554,0.2,0.0003,48.87664794921875,-0.0009324275214567024,2390,0.080712890625,14.08036001045257
897,54,66.85,49152,-37.50863748,3,0.98460793774575,0.008330109,-0.4867249908274971,0.2,0.0003,0.9398615956306458,-0.0008837011524065019,2400,0.09659423828125,12.862867389386519
852,76,66.34,65536,-37.84844191,4,0.9907927736639977,0.006784211,-0.4810529035865329,0.2,0.0003,1.139794111251831,-0.0008249657485066564,2410,0.079632568359375,7.804492379911244
842,97,66.13,81920,-38.038959029999994,5,0.9793413858860731,0.007077707,-0.47011414834996684,0.2,0.0003,12.11786937713623,-0.0006502690798697586,2420,0.07818603515625,16.947616698034107
830,118,66.18,98304,-37.83364398,6,0.9820373933762312,0.0072075715,-0.4840884318109602,0.2,0.0003,3.8268353939056396,-0.0009935702944858348,2430,0.083917236328125,15.182566640758887
824,139,65.81,114688,-38.251672320000004,7,0.9841032158583403,0.008360457,-0.47876131944358347,0.2,0.0003,40.668338775634766,-0.0012183169456420728,2440,0.08519287109375,13.088174310792237
1881,8,66.23,16384,-37.958882290000005,1,0.979522354900837,0.0071974685,-0.466555722639896,0.2,0.0003,4.714920997619629,-0.0003882723636706942,2450,0.08076171875,16.969145752908663
1038,31,65.38,32768,-39.634161,2,0.979497142136097,0.007872258,-0.4793226870126091,0.2,0.0003,1.6432369947433472,-0.0003210074684830033,2460,0.0900634765625,16.573716803640128
945,51,64.96,49152,-40.324286439999995,3,0.9776616878807545,0.006253276,-0.47049703743541615,0.2,0.0003,6.57677698135376,-0.00012491113084251993,2470,0.075335693359375,18.683347879210487
868,75,65.35,65536,-38.97056009,4,0.9667384326457977,0.009253371,-0.45848431437043474,0.2,0.0003,3.5138769149780273,-0.00041170597892232764,2480,0.0881591796875,26.061192217329516
842,97,66.3,81920,-38.0243966,5,0.9648061394691467,0.0073342025,-0.4674541776999831,0.2,0.0003,1.5390311479568481,-1.3231042839834117e-05,2490,0.091412353515625,29.08462855569087
833,117,66.68,98304,-37.55871201,6,0.985775476321578,0.0066673392,-0.4703591888421215,0.2,0.0003,15.656219482421875,-7.682609975745436e-07,2500,0.094659423828125,12.064984935801476
837,136,66.85,114688,-36.934078760000006,7,0.9865281078964472,0.0078104436,-0.45132522387430074,0.2,0.0003,0.9639157056808472,-0.0009355447185043885,2510,0.0850830078125,11.143845757097006
2925,5,66.26,16384,-37.71222031,1,0.981425765901804,0.007986661,-0.46513342993566764,0.2,0.0003,2.102243661880493,-0.0024382768292980474,2520,0.09332275390625,15.522793245268986
1567,20,66.38,32768,-37.4517331,2,0.9920076550915837,0.006922696,-0.4630223036976531,0.2,0.0003,1.1393753290176392,-0.0019496251603413838,2530,0.090972900390625,6.545626811962575
1367,35,66.91,49152,-36.76481353,3,0.9877789877355099,0.0068938164,-0.4547762733069248,0.2,0.0003,1.0779560804367065,-0.0001767016556186718,2540,0.0721923828125,10.213210362638346
1251,52,66.1,65536,-38.37897606,4,0.9856674177572131,0.007450381,-0.4385889358934946,0.2,0.0003,1.9557276964187622,0.00016700444502930621,2550,0.075592041015625,11.813191283307969
1135,72,66.68,81920,-37.26487684,5,0.9838643204420805,0.006396427,-0.42619129753438756,0.2,0.0003,1.4831655025482178,-0.0005184729706797953,2560,0.072515869140625,13.025195473711937
1098,89,65.68,98304,-38.53371382,6,0.9807183984667063,0.0072874185,-0.42808545801090075,0.2,0.0003,0.8901360034942627,-0.001023224865366501,2570,0.0849609375,16.23884467948228
1071,107,66.34,114688,-37.82651475,7,0.9807239584624767,0.0074397465,-0.4203350406838581,0.2,0.0003,1.6930309534072876,-0.0010979032105751685,2580,0.0888916015625,16.278890378773212
