time/total_timesteps,rollout/ep_len_mean,time/time_elapsed,rollout/ep_rew_mean,time/fps,time/iterations,train/value_loss,train/loss,train/clip_range,train/explained_variance,train/learning_rate,train/clip_fraction,train/approx_kl,train/n_updates,train/policy_gradient_loss,train/entropy_loss
16384,27.44,52,-100.01838415,314,1,,,,,,,,,,
32768,27.07,259,-100.35785689999999,126,2,327.3847712531686,55.958621978759766,0.2,-0.00024878978729248047,0.0003,0.058447265625,0.005093895,10,0.0017161026177745953,-7.186006535403431
49152,27.45,407,-99.40135839999999,120,3,22.09975116495043,6.076502799987793,0.2,0.7671064138412476,0.0003,0.069000244140625,0.0063577956,20,-0.0016154522683791584,-7.1798996144905685
65536,27.85,540,-98.77600374,121,4,9.392808405682445,6.890505313873291,0.2,0.6737037599086761,0.0003,0.049639892578125,0.0053230813,30,-0.0006105059982473904,-7.172963915206492
81920,27.91,701,-98.86767566,116,5,7.782370105478913,3.645549774169922,0.2,0.8365734070539474,0.0003,0.076837158203125,0.00894303,40,-0.002950279740662154,-7.148175636492669
98304,27.61,824,-98.66791474,119,6,8.006465276889504,3.642185688018799,0.2,0.85545514523983,0.0003,0.0916748046875,0.007661177,50,-0.004590383913455298,-7.163614254072309
114688,27.43,910,-99.29884858000001,125,7,7.641739739663899,4.181060791015625,0.2,0.8659480959177017,0.0003,0.09144287109375,0.007917575,60,-0.0034925307420962783,-7.1491390964016315
16384,28.05,44,-99.35451116999998,372,1,7.878030366171151,3.093334197998047,0.2,0.8524367809295654,0.0003,0.09554443359375,0.0077429265,70,-0.002544023107748217,-7.132990056276322
32768,28.43,135,-98.57849291000002,241,2,9.295130500383674,4.366015434265137,0.2,0.8239193707704544,0.0003,0.08765869140625,0.007633161,80,-0.0010906545443504002,-7.114223184250295
49152,27.78,220,-98.09655306000002,222,3,8.751759658008814,4.342165946960449,0.2,0.8386570066213608,0.0003,0.093804931640625,0.0074771466,90,-0.0006533517799653055,-7.087982045672834
65536,27.75,306,-98.26878411,213,4,8.68932812632993,7.178739070892334,0.2,0.8441823124885559,0.0003,0.10574951171875,0.007941218,100,-0.0016064374567577033,-7.067207856848836
81920,27.93,392,-97.27075798,208,5,9.646880510635674,5.154928207397461,0.2,0.8315913528203964,0.0003,0.101702880859375,0.008294817,110,-0.0009160877219983376,-7.0515047665685415
98304,27.49,491,-96.88137936999999,200,6,9.480189596861601,4.279385089874268,0.2,0.8373070508241653,0.0003,0.11875,0.009392967,120,-0.00038562172412639486,-7.0081214111298324
114688,27.6,582,-96.85454168000003,196,7,10.525095069035888,4.05022668838501,0.2,0.8173066675662994,0.0003,0.109283447265625,0.008647851,130,-0.0011585721131268656,-6.99613477922976
16384,25.6,51,-95.5082906,321,1,10.170230483449995,2.8766908645629883,0.2,0.8334138542413712,0.0003,0.1259765625,0.009892901,140,-0.0024942473048668035,-6.947821759991347
32768,23.44,131,-93.88882597000001,249,2,9.077134796231984,4.596643447875977,0.2,0.8492826968431473,0.0003,0.139508056640625,0.00958461,150,-0.0005247390577096667,-6.878023812174797
49152,22.39,222,-92.37307929000002,221,3,7.20698182368651,3.7647409439086914,0.2,0.8869621530175209,0.0003,0.14632568359375,0.010536037,160,-0.0022092684502240446,-6.728496912121773
65536,22.4,309,-91.61913442000001,211,4,7.1458525454625486,3.2145144939422607,0.2,0.8923208862543106,0.0003,0.153900146484375,0.011861183,170,-0.0009298248828599753,-6.673936580307782
81920,20.16,403,-89.77997053000001,203,5,5.787198343547061,3.2007551193237305,0.2,0.9133876413106918,0.0003,0.171014404296875,0.0112914285,180,-0.0024695731769497796,-6.588940969482064
98304,18.83,491,-88.00601417999998,199,6,4.929785787314176,3.452274799346924,0.2,0.9278716668486595,0.0003,0.181402587890625,0.013099393,190,-0.003265743148767797,-6.433495672605932
114688,18.67,569,-87.86325545000001,201,7,4.023251310037449,1.637582540512085,0.2,0.9436685517430305,0.0003,0.195489501953125,0.015233157,200,-0.0028885844293199624,-6.244911405257881
16384,17.0,52,-85.79877221000002,310,1,3.2433424475602806,1.7573487758636475,0.2,0.9573796428740025,0.0003,0.2115966796875,0.013823184,210,-0.0031760348009811424,-6.114020022563636
32768,17.3,140,-85.59000065999999,232,2,2.498613235168159,2.0937862396240234,0.2,0.9669840820133686,0.0003,0.20904541015625,0.012743989,220,-0.002132941306081193,-5.95775950383395
49152,16.11,238,-84.39507496,205,3,1.8370995639823378,0.9148076772689819,0.2,0.9768293108791113,0.0003,0.2049560546875,0.0143280355,230,-0.0016291514062686473,-5.7956769619137045
65536,15.99,322,-84.35941021000001,202,4,1.4577781542902812,1.0680710077285767,0.2,0.982594745233655,0.0003,0.20003662109375,0.016850755,240,-0.00029755780219602456,-5.7194956632331015
81920,16.11,403,-84.16626064,203,5,1.2741041539702564,0.6540781259536743,0.2,0.9843669794499874,0.0003,0.2048095703125,0.017151248,250,-0.0002050415852863807,-5.618828692473471
98304,15.85,492,-84.10876623,199,6,1.185302817018237,0.7339367270469666,0.2,0.9857812821865082,0.0003,0.182177734375,0.012330796,260,-0.00015043405628603068,-5.50576754566282
114688,15.66,573,-83.79260704000001,200,7,1.2462624702602625,0.5069082975387573,0.2,0.985365173779428,0.0003,0.184490966796875,0.014429035,270,0.0028491454582763253,-5.461567327566445
16384,15.37,48,-83.70766432,339,1,1.218978967005387,0.9401127099990845,0.2,0.9856416890397668,0.0003,0.171099853515625,0.011525144,280,0.0014515516686515184,-5.359565238468349
32768,15.71,134,-83.57592137000002,243,2,1.0396200273535214,0.3769938349723816,0.2,0.987841771915555,0.0003,0.19364013671875,0.018090297,290,0.0019294407705274352,-5.2325646478682755
49152,15.65,227,-83.09845749000002,216,3,1.1412918283836917,0.7616825103759766,0.2,0.987012074328959,0.0003,0.164593505859375,0.012763764,300,0.0041761114517612444,-5.136353892087937
65536,15.49,307,-83.43595746999999,212,4,1.1573484904598446,0.8743749856948853,0.2,0.9865961596369743,0.0003,0.1658447265625,0.020077407,310,0.003557926268786105,-5.129073715955019
81920,15.26,405,-83.34317209999999,201,5,1.1358465391909705,0.42689889669418335,0.2,0.986117385327816,0.0003,0.165435791015625,0.015912807,320,0.0012080912595592963,-5.153597022406757
98304,15.38,497,-83.11869245,197,6,0.9852454925421625,0.44499772787094116,0.2,0.9888698477298021,0.0003,0.168170166015625,0.010352779,330,0.0031392725803925715,-5.083068623580038
114688,15.29,574,-82.99965073,199,7,1.0435063832439482,1.048611044883728,0.2,0.9885033769533038,0.0003,0.159222412109375,0.011027085,340,0.004040994459410285,-4.944532516784966
16384,15.35,50,-83.03208078,327,1,1.0347502233460546,0.41137245297431946,0.2,0.9885232588276267,0.0003,0.1650634765625,0.011743674,350,0.0017121000623774307,-4.895938411727547
32768,15.27,131,-83.03411767,248,2,1.0047344260499813,0.5290755033493042,0.2,0.9888607747852802,0.0003,0.148345947265625,0.009757095,360,0.0028212747263751227,-4.841982171498239
49152,15.42,233,-83.21177048,210,3,0.9825865440187045,0.6410223841667175,0.2,0.9890051959082484,0.0003,0.168780517578125,0.014060419,370,0.004676491746977263,-4.756612885929644
65536,15.1,304,-83.1617828,215,4,1.0676465893746354,0.9326149821281433,0.2,0.9879496619105339,0.0003,0.147723388671875,0.010271519,380,0.003048736580512923,-4.629802254959941
81920,15.11,400,-82.94399734999999,204,5,1.0594461156986654,0.4988200068473816,0.2,0.9878606935963035,0.0003,0.16446533203125,0.011227119,390,0.0016376205606320581,-4.497945067472756
98304,15.12,480,-82.93390217,204,6,1.0675059706671164,0.455150306224823,0.2,0.9874856881797314,0.0003,0.1462158203125,0.009053803,400,0.0028098766175389755,-4.397791843116283
114688,15.14,571,-82.79326143,200,7,1.0057456521433779,0.5233139395713806,0.2,0.9889829130843282,0.0003,0.146978759765625,0.011704491,410,0.003282273174227157,-4.397802975960076
16384,15.07,53,-82.77066626,307,1,1.0554497767006978,0.9238427877426147,0.2,0.9881593966856599,0.0003,0.12742919921875,0.008775214,420,0.004356380670560611,-4.290610603801906
32768,15.02,131,-82.87495559000001,249,2,1.012581694847904,0.4274585545063019,0.2,0.9884770130738616,0.0003,0.12723388671875,0.010842541,430,0.003266375157636503,-4.158769464027136
49152,14.79,231,-83.14111672000001,212,3,1.024545047059655,0.2550447881221771,0.2,0.9885443719103932,0.0003,0.1364501953125,0.011975663,440,0.0036281852635511314,-4.107135578431189
65536,15.02,312,-82.84629440999998,209,4,1.0347650636686012,0.4559182822704315,0.2,0.9882650030776858,0.0003,0.136517333984375,0.012756544,450,0.0036828414721640002,-4.200465926900506
81920,15.02,405,-82.87798860999999,202,5,1.0626110838842577,0.4944453835487366,0.2,0.9879807783290744,0.0003,0.13597412109375,0.008458067,460,0.0035578740135861152,-4.068168115150184
98304,15.21,486,-82.65424488,202,6,1.0711346545256675,0.5130681395530701,0.2,0.9884879002347589,0.0003,0.13878173828125,0.009639851,470,0.0026579080806641286,-3.8975196165964006
114688,15.12,577,-82.74843904,198,7,1.0332024511648341,0.3717084527015686,0.2,0.9888427294790745,0.0003,0.1412353515625,0.009928452,480,0.00363022121728136,-3.8751176313497124
16384,14.95,45,-82.92887686,359,1,1.0250605661189183,0.34880530834198,0.2,0.9888064665719867,0.0003,0.146026611328125,0.014882386,490,0.002999774338604766,-3.8582399248145522
32768,15.15,152,-82.58128171999999,214,2,0.9750580686493777,0.5278868675231934,0.2,0.9890736946836114,0.0003,0.127435302734375,0.008787278,500,0.002584550723349821,-3.815109402500093
49152,15.06,246,-82.65350889,199,3,0.9811543261748739,0.41705790162086487,0.2,0.9891937281936407,0.0003,0.13885498046875,0.014267972,510,0.004279940145352157,-3.667617399431765
65536,14.91,329,-82.84618659,198,4,0.9666152943391353,0.5547769069671631,0.2,0.9892410449683666,0.0003,0.131793212890625,0.01185495,520,0.003313038037958904,-3.715329426713288
81920,15.08,429,-82.56993023000001,190,5,0.9735933441668749,0.4984554350376129,0.2,0.9890647660940886,0.0003,0.145953369140625,0.011555168,530,0.0043271424098747955,-3.657162175793201
98304,14.99,521,-82.78154188,188,6,0.942282582167536,0.5873242616653442,0.2,0.9898667959496379,0.0003,0.11888427734375,0.008708214,540,0.002569132222015469,-3.5911092397756876
114688,14.95,621,-82.74707492000002,184,7,0.9801598499296234,0.6528014540672302,0.2,0.9892585575580597,0.0003,0.119500732421875,0.008925115,550,0.00244906557354625,-3.5800168165937065
16384,14.96,48,-82.79921958999999,338,1,0.9633960476145148,0.32837507128715515,0.2,0.9891494642943144,0.0003,0.114501953125,0.011094539,560,0.003914884681080366,-3.5807357038371266
32768,15.01,143,-82.7251079,228,2,0.9190849921316839,0.5304602980613708,0.2,0.9898589542135596,0.0003,0.115008544921875,0.009918035,570,0.0021664162152774226,-3.5158912651240826
49152,15.04,231,-82.57170690999999,211,3,0.9909140784293413,0.6325322985649109,0.2,0.9891904918476939,0.0003,0.11661376953125,0.0126731135,580,0.0027913964008803305,-3.5255898027680814
65536,14.79,323,-82.94430204999999,202,4,0.9417641805834137,0.6042618155479431,0.2,0.9898452879860997,0.0003,0.113031005859375,0.0084538795,590,0.00234882416216351,-3.413935193605721
81920,15.03,414,-82.57965741,197,5,0.9386583725572564,0.38545137643814087,0.2,0.9893498430028558,0.0003,0.135589599609375,0.011341782,600,0.00017146416548712294,-3.2561353425495327
98304,15.08,506,-82.54519038000001,194,6,0.9342855350347236,0.38421496748924255,0.2,0.9897776693105698,0.0003,0.100439453125,0.006719892,610,0.0026423544398312517,-3.165835689473897
114688,14.85,589,-82.79090104,194,7,0.8985554685466923,0.4128938913345337,0.2,0.9901510672643781,0.0003,0.1079345703125,0.007956186,620,0.001632748100291792,-3.1905029228888453
16384,14.79,47,-82.84090103999999,343,1,0.9032076940638945,0.4282557964324951,0.2,0.9899561023339629,0.0003,0.10250244140625,0.008826578,630,0.002542763764085976,-3.1128305269405248
32768,14.9,133,-82.65795053,244,2,0.8935587996500545,0.21147850155830383,0.2,0.9898935183882713,0.0003,0.1175048828125,0.013160322,640,0.0021581992819847073,-3.0264659685082735
49152,14.84,231,-82.83635156,211,3,0.8845732480054721,0.6770963072776794,0.2,0.9900527773424983,0.0003,0.113726806640625,0.008309106,650,0.0038128190700263075,-3.004985993076116
65536,14.83,305,-82.88394674,214,4,0.9207487263833173,0.49970585107803345,0.2,0.9898292860016227,0.0003,0.07833251953125,0.008826241,660,0.00132415898169711,-2.958558038249612
81920,14.89,393,-82.78697972,208,5,0.8967859144788235,0.3777328431606293,0.2,0.9903836771845818,0.0003,0.09107666015625,0.010562036,670,0.0026694837677951,-2.879618243034929
98304,14.98,465,-82.85765185,211,6,0.8792662836844102,0.47028833627700806,0.2,0.9903525449335575,0.0003,0.086456298828125,0.01246929,680,0.0016034863670029154,-2.7733243726193906
114688,15.01,548,-82.64947972,209,7,0.8961109847179614,0.31880316138267517,0.2,0.9899669261649251,0.0003,0.074420166015625,0.009550128,690,0.002852494261423999,-2.788178203441203
16384,14.95,53,-82.64670689999998,306,1,0.8623780062189326,0.5390846133232117,0.2,0.9904604824259877,0.0003,0.080572509765625,0.007295726,700,0.0031461088982723596,-2.7928022985346614
32768,15.06,130,-82.53269038999998,250,2,0.8035220165387728,0.5542431473731995,0.2,0.9907752024009824,0.0003,0.10245361328125,0.014378723,710,0.003199731392578542,-2.8101674020290375
49152,15.22,232,-83.13938453,211,3,0.7969763490953483,0.4012506604194641,0.2,0.9909778013825417,0.0003,0.121954345703125,0.012521051,720,-0.0025571472678166175,-2.870525008905679
65536,14.94,307,-82.70554572,213,4,0.8965656560962089,0.3536074459552765,0.2,0.9901384506374598,0.0003,0.139520263671875,0.07192324,730,0.007864797320507932,-2.7874879144132136
81920,15.03,408,-82.56223987999999,200,5,0.8608751154039055,0.36543795466423035,0.2,0.9903984870761633,0.0003,0.0781005859375,0.0071319947,740,0.005451768354760134,-2.848562081903219
98304,15.1,489,-82.45706222000001,200,6,0.8082421475439332,0.44734883308410645,0.2,0.9910773457959294,0.0003,0.087872314453125,0.009306917,750,0.004537259394510329,-2.8456366719678043
114688,15.08,571,-82.50617392,200,7,0.7891839637770317,0.39003849029541016,0.2,0.9912622012197971,0.0003,0.1092041015625,0.017412497,760,0.004529498658121156,-2.796575927361846
16384,14.98,51,-82.60554571,319,1,0.862441273604054,0.43150079250335693,0.2,0.9904621839523315,0.0003,0.119818115234375,0.013585677,770,0.0029721211379182934,-2.733635579794645
32768,15.11,129,-82.51501269,252,2,0.8085939412354491,0.3859163224697113,0.2,0.9908278668299317,0.0003,0.09345703125,0.014020389,780,0.005143220863283204,-2.7178795736283066
49152,14.96,229,-82.69885153999999,213,3,0.8131404509069398,0.20486021041870117,0.2,0.9911090638488531,0.0003,0.10174560546875,0.01321917,790,0.0035798584107396892,-2.7050877790898085
65536,15.01,304,-82.66841372,215,4,0.8414188673719764,0.4564576745033264,0.2,0.9906565779820085,0.0003,0.116375732421875,0.018401487,800,0.010378864693029755,-2.6820063569582997
81920,15.0,403,-82.68760787000001,203,5,0.879637849330902,0.4957333505153656,0.2,0.9901828290894628,0.0003,0.1036865234375,0.013510398,810,0.007272492173160572,-2.668508603051305
98304,14.94,479,-82.77725252,204,6,0.9566492582089268,0.4043503403663635,0.2,0.9895291607826948,0.0003,0.11165771484375,0.016035084,820,0.007043647835234879,-2.657333675213158
114688,15.22,579,-82.65173217,197,7,0.9591893717763014,0.6254530549049377,0.2,0.989300761371851,0.0003,0.09398193359375,0.009522906,830,0.005303675691357057,-2.6620203156024216
16384,15.19,42,-82.56752536,381,1,1.0470699511934072,0.5950075387954712,0.2,0.9884281819686294,0.0003,0.117913818359375,0.015584346,840,0.007571876732072269,-2.600508265569806
32768,15.19,129,-82.49189719999998,252,2,1.0050095107173547,0.7025929093360901,0.2,0.988637906499207,0.0003,0.108154296875,0.015951626,850,0.006156461162572668,-2.5765503167174755
49152,15.17,222,-82.70262050000001,220,3,1.0049126980709844,0.6177443265914917,0.2,0.9887462742626667,0.0003,0.094097900390625,0.012528313,860,0.006356793906797975,-2.5063919057138264
65536,15.1,305,-82.76449235,214,4,1.125360651081428,0.46742501854896545,0.2,0.9875991521403193,0.0003,0.1040771484375,0.012416126,870,0.006821891199797392,-2.5196660247631373
81920,15.2,402,-82.61145930999999,203,5,1.101481639558915,0.5410702228546143,0.2,0.9873850084841251,0.0003,0.108721923828125,0.013815593,880,0.004629602378554409,-2.514558479283005
98304,15.24,481,-82.57762051999998,203,6,1.2258134707110002,0.745401918888092,0.2,0.986306868493557,0.0003,0.11927490234375,0.016577587,890,0.0049104330719274,-2.481739521585405
114688,15.41,575,-82.52406712,199,7,1.3021178278839216,0.6913503408432007,0.2,0.9852637806907296,0.0003,0.090570068359375,0.018396806,900,0.005411748758160684,-2.3796214021742346
16384,15.39,45,-82.47369916,359,1,1.590674333111383,0.406366765499115,0.2,0.9827464446425438,0.0003,0.0958251953125,0.0111134015,910,0.005423860805967707,-2.40412084357813
32768,15.28,134,-82.67066618000001,243,2,1.6169885644922033,0.6856638193130493,0.2,0.9822432827204466,0.0003,0.0974365234375,0.015873615,920,0.004431764175933495,-2.36410715803504
49152,15.56,225,-82.46988561999999,218,3,2.033223793678917,1.0445390939712524,0.2,0.9778161402791739,0.0003,0.093963623046875,0.00981339,930,0.003712395737238694,-2.3807725267484785
65536,15.48,315,-82.64859443000002,207,4,2.284514285926707,1.0438196659088135,0.2,0.9751546140760183,0.0003,0.121868896484375,0.020955443,940,0.005584479282788379,-2.3152686186134814
81920,15.75,409,-82.30283605000001,199,5,2.022816178249195,0.8598294854164124,0.2,0.9776658304035664,0.0003,0.098541259765625,0.01216709,950,0.004017095591734687,-2.260997885558754
98304,15.64,499,-82.41596424000001,196,6,2.114710923586972,1.4045779705047607,0.2,0.9769806433469057,0.0003,0.113714599609375,0.01868493,960,0.0012554952529171715,-2.1211630333215
114688,15.72,596,-82.47753841,192,7,2.5027996414806695,1.9067014455795288,0.2,0.9719832092523575,0.0003,0.097943115234375,0.012390418,970,0.0023709792935733276,-2.1849209152627735
16384,15.45,52,-82.62489717,310,1,2.2135463061742486,1.4219954013824463,0.2,0.9757646284997463,0.0003,0.09844970703125,0.024716653,980,0.006893248972664879,-2.1474086468108
32768,15.4,139,-82.68353409,235,2,2.25831058670301,0.8332556486129761,0.2,0.975131107494235,0.0003,0.12198486328125,0.087657064,990,0.009267603466469154,-2.183513045730069
49152,15.38,226,-82.65701761,217,3,1.4659626576816662,0.8459195494651794,0.2,0.9834070708602667,0.0003,0.1161865234375,0.021969737,1000,0.011481064459985646,-2.1704057862516493
65536,15.85,309,-82.30384292,211,4,1.5536147510865703,0.3679015040397644,0.2,0.9824313595890999,0.0003,0.109942626953125,0.028269574,1010,0.004968678409568383,-2.057493310654536
81920,15.57,403,-82.48881953,203,5,1.8679049426456913,0.9098052382469177,0.2,0.9763396698981524,0.0003,0.121331787109375,0.016082343,1020,0.003872570881549109,-1.9372003316879272
98304,15.78,489,-82.409638,200,6,2.0575101671740414,1.1657211780548096,0.2,0.9773285631090403,0.0003,0.10633544921875,0.061005168,1030,0.004900780230855162,-1.8638386463746428
114688,15.75,571,-82.32605935,200,7,2.745080934651196,2.0136988162994385,0.2,0.9681416936218739,0.0003,0.0973388671875,0.052727755,1040,0.0021962182414426933,-1.8260346410330386
16384,15.75,55,-82.39650985,295,1,2.9325807292712853,3.0291202068328857,0.2,0.9678415656089783,0.0003,0.1233154296875,0.031309925,1050,0.005877642302948516,-1.8531309688463806
32768,16.12,125,-82.26225837999999,261,2,3.0464319312013686,2.2902278900146484,0.2,0.9659885205328465,0.0003,0.1117919921875,0.03622505,1060,0.009531154847900325,-1.7578454785048963
49152,15.57,232,-82.55006323999999,211,3,3.74879912273027,1.760107398033142,0.2,0.9595785215497017,0.0003,0.111773681640625,0.0771794,1070,0.0008198217654353356,-1.7486111651640386
65536,15.63,312,-82.54096422,209,4,2.508910840423778,1.3574919700622559,0.2,0.9708500374108553,0.0003,0.09903564453125,0.043095767,1080,0.006748796213832975,-1.6250538059975952
81920,15.92,405,-82.43563413,202,5,3.2471069190418347,1.0652778148651123,0.2,0.9651490449905396,0.0003,0.088665771484375,0.010116326,1090,0.003999593225944409,-1.541243404103443
98304,16.46,494,-82.13041182,198,6,3.8934431691654026,1.2396224737167358,0.2,0.9565441310405731,0.0003,0.1049560546875,0.027913567,1100,0.0055169079347251685,-1.578837414132431
114688,15.94,575,-82.27010113,199,7,3.457405962003395,1.7003554105758667,0.2,0.9622775167226791,0.0003,0.118853759765625,0.029394422,1110,0.006513284056882185,-1.560241224244237
16384,16.1,52,-82.35289918000001,310,1,3.683185232616961,2.5460610389709473,0.2,0.9599301591515541,0.0003,0.116827392578125,0.014039397,1120,0.008380003822958315,-1.6068856977391988
32768,15.84,128,-82.38045646,254,2,3.7260115770157425,2.738367795944214,0.2,0.9600441381335258,0.0003,0.119097900390625,0.026764551,1130,0.005316890941321617,-1.6085225115530193
49152,15.56,215,-82.43149724999999,228,3,4.320957599906251,1.8258439302444458,0.2,0.9547486044466496,0.0003,0.1153076171875,0.042055186,1140,-0.0008693831280652375,-1.5841653399169444
65536,16.01,300,-82.22109725,217,4,3.864728991826996,1.345125436782837,0.2,0.959569476544857,0.0003,0.118743896484375,0.08689178,1150,0.011592928054960793,-1.4266653638333082
81920,15.67,389,-82.71607419,210,5,3.721257268078625,1.5582512617111206,0.2,0.9598920121788979,0.0003,0.127984619140625,0.01479543,1160,0.008060257302713581,-1.438815323356539
98304,16.34,487,-82.26399049000001,201,6,4.886742448341101,3.300269603729248,0.2,0.9466005824506283,0.0003,0.1248291015625,0.05378163,1170,0.0003810483299275802,-1.4893210179638117
114688,16.26,563,-82.28470115,203,7,3.735189505852759,1.6969925165176392,0.2,0.9603246301412582,0.0003,0.15699462890625,0.15966755,1180,0.02024912358192523,-1.4997117745690047
16384,15.95,52,-82.35885739999999,310,1,4.019005939969793,1.9528717994689941,0.2,0.957913227379322,0.0003,0.107598876953125,0.03217893,1190,0.0017436160968827608,-1.5809488543774932
32768,16.28,127,-82.18281668,257,2,3.490389969665557,1.5061514377593994,0.2,0.9625357985496521,0.0003,0.131024169921875,0.023925226,1200,0.0068665977124965135,-1.5693509341683238
49152,16.4,224,-82.2779678,218,3,4.195900003053248,2.4727745056152344,0.2,0.9557852186262608,0.0003,0.13143310546875,0.019679703,1210,0.008422058255018783,-1.6001258371863514
65536,16.4,311,-82.30779193999999,210,4,3.6553585811983793,1.509224534034729,0.2,0.9618802517652512,0.0003,0.14349365234375,0.040472135,1220,0.00918520717705178,-1.6219650249462574
81920,16.27,402,-82.08951088999999,203,5,3.6519006229005755,1.9147841930389404,0.2,0.9620953947305679,0.0003,0.149786376953125,0.038738735,1230,0.024491717481578235,-1.640937289968133
98304,19.83,494,-88.53288357999998,198,6,3.6148699186276643,1.859085202217102,0.2,0.9618124328553677,0.0003,0.18251953125,0.08679299,1240,0.00953475449605321,-1.6562086875084787
114688,19.25,585,-85.74397104000002,195,7,7.591394562181085,4.507522106170654,0.2,0.8525435030460358,0.0003,0.15587158203125,0.03214317,1250,0.006088488582099672,-2.0415370869915934
16384,16.47,51,-82.25657489,317,1,7.873594102449715,4.106931686401367,0.2,0.9034820944070816,0.0003,0.174798583984375,0.029257128,1260,0.001303814559651073,-1.8728401992935688
32768,16.02,139,-82.46715248000001,235,2,4.2781826081685725,1.7254562377929688,0.2,0.9333129897713661,0.0003,0.122747802734375,0.02186765,1270,0.009637353771086054,-1.5586973122321068
49152,16.88,237,-81.72215655000001,207,3,4.001489867130294,1.818597435951233,0.2,0.9566284827888012,0.0003,0.12864990234375,0.1108391,1280,0.015870735436965332,-1.541696625156328
65536,16.81,326,-82.02859054000001,200,4,4.801809047162533,2.3660380840301514,0.2,0.9502852186560631,0.0003,0.12091064453125,0.013918735,1290,0.004955054015499627,-1.5161753472406416
81920,16.43,418,-82.10551962,195,5,4.373853830015287,2.8744306564331055,0.2,0.9539723172783852,0.0003,0.122808837890625,0.025925178,1300,0.008026041518041893,-1.5191073573660105
98304,16.68,509,-81.86106528999998,193,6,4.982669682241976,2.602344274520874,0.2,0.9494604915380478,0.0003,0.106982421875,0.013842423,1310,0.008637678092600253,-1.4679767490830273
114688,16.09,596,-82.36702349000001,192,7,4.668683872744441,2.7382357120513916,0.2,0.9508838504552841,0.0003,0.125604248046875,0.023660572,1320,0.0018511590550133405,-1.4975668651051819
16384,16.57,47,-81.83658559,342,1,4.389617471164092,1.6767815351486206,0.2,0.9549833200871944,0.0003,0.135321044921875,0.02126164,1330,0.008993917732414047,-1.3863054881803691
32768,20.58,135,-87.23710585,241,2,4.0738775439560415,2.2086596488952637,0.2,0.9575541280210018,0.0003,0.216497802734375,0.25490144,1340,0.003865843743096775,-1.4894368646666407
49152,19.46,225,-85.90261479,217,3,8.378553667850792,3.77060604095459,0.2,0.8604532331228256,0.0003,0.16744384765625,0.018208481,1350,0.011084935983217293,-1.706700348155573
65536,20.58,319,-86.26737980999998,204,4,7.600887096114457,5.6601338386535645,0.2,0.9122373536229134,0.0003,0.166827392578125,0.03964285,1360,0.010014842733653495,-1.5646030488889664
81920,18.94,407,-83.82516938999999,200,5,11.061278213839978,3.792689323425293,0.2,0.8641716688871384,0.0003,0.148699951171875,0.022047883,1370,0.0073111726263505265,-1.6130102164577693
98304,17.29,503,-82.89184550000002,195,6,7.574673037510365,2.578028678894043,0.2,0.9119632393121719,0.0003,0.13865966796875,0.036142826,1380,0.012034351612692262,-1.4366824384778738
114688,17.68,596,-83.99676965,192,7,6.27909618569538,2.364003896713257,0.2,0.9324489608407021,0.0003,0.142913818359375,0.022696093,1390,0.011908933075756068,-1.3918809789698572
16384,16.68,51,-82.56711032,320,1,4.680251753889024,1.7565128803253174,0.2,0.9492330513894558,0.0003,0.149261474609375,0.12154818,1400,0.01058126121688474,-1.3148120059631765
32768,16.64,133,-82.27964799000002,244,2,4.158673142222687,1.9104841947555542,0.2,0.9556105136871338,0.0003,0.144622802734375,0.030313523,1410,0.010854056470179785,-1.2198232491500676
49152,15.97,228,-82.53307690000001,214,3,3.7679240869823842,3.014636993408203,0.2,0.9587315060198307,0.0003,0.15225830078125,0.05543114,1420,0.020039158540112113,-1.2077592870453373
65536,16.61,316,-82.26374474,207,4,3.9351869227364658,1.7901140451431274,0.2,0.9584628939628601,0.0003,0.149481201171875,0.015934825,1430,0.020179186103359826,-1.2506332949036731
81920,22.49,408,-88.09507886000002,200,5,4.877587378676981,1.6562070846557617,0.2,0.9444550536572933,0.0003,0.3013427734375,0.63249487,1440,0.007787998196272383,-1.386725689144805
98304,20.81,498,-86.53540815999999,197,6,11.70325563084334,5.501574993133545,0.2,0.8362850546836853,0.0003,0.176519775390625,0.023540648,1450,0.008504149296459217,-1.6662539499346167
114688,20.51,587,-86.1866735,195,7,10.21168415416032,4.7314019203186035,0.2,0.8884245231747627,0.0003,0.167626953125,0.023953471,1460,0.006144636786484625,-1.559557235892862
16384,19.51,52,-84.15559415000001,309,1,8.89710155101493,3.5167622566223145,0.2,0.9028856977820396,0.0003,0.15531005859375,0.030125592,1470,0.009322908367812488,-1.4075797683326527
32768,19.61,129,-83.89569607000001,252,2,8.931560597568751,5.721797466278076,0.2,0.9071868062019348,0.0003,0.1453369140625,0.020566404,1480,0.010163217446188356,-1.3478887214092539
49152,19.93,225,-85.41804254,217,3,8.226121549401432,4.182583332061768,0.2,0.9137265011668205,0.0003,0.146942138671875,0.026463501,1490,0.012461243048892356,-1.364991161134094
65536,18.35,312,-82.96977745000002,209,4,8.516217270679771,3.8863747119903564,0.2,0.9040005579590797,0.0003,0.163067626953125,0.02525181,1500,0.009913514193340234,-1.4268440089188517
81920,17.89,401,-82.56712107999999,204,5,7.180430386867374,3.2345073223114014,0.2,0.9198465943336487,0.0003,0.158978271484375,0.028346267,1510,0.01849921850780447,-1.3121575003955512
98304,17.49,501,-82.14659349,196,6,5.943375626858324,3.58524227142334,0.2,0.9376613609492779,0.0003,0.13389892578125,0.04143533,1520,0.015242288755234767,-1.253280124301091
114688,17.9,571,-82.40281332,200,7,5.59292468437925,1.8920358419418335,0.2,0.9436652064323425,0.0003,0.139080810546875,0.026126236,1530,0.014500794450304966,-1.2322441968601197
16384,16.99,53,-82.02948771,303,1,5.224276770651341,1.7053248882293701,0.2,0.9459734708070755,0.0003,0.140985107421875,0.031012867,1540,0.01141351609630874,-1.2612078325357288
32768,16.63,126,-82.44272956,259,2,5.135675207804889,2.062164306640625,0.2,0.9470184445381165,0.0003,0.1427978515625,0.028194312,1550,0.01191222509032741,-1.2179635850479826
49152,16.63,218,-82.07581768,224,3,4.617988206492737,1.6488157510757446,0.2,0.9513517692685127,0.0003,0.1431640625,0.020538893,1560,0.01341989682341591,-1.2247117168502881
65536,16.51,314,-82.49852866,208,4,4.6605338208377365,2.5185139179229736,0.2,0.9522437192499638,0.0003,0.144171142578125,0.03486464,1570,0.013175289158971282,-1.2741632825229317
81920,16.69,391,-82.12659692000001,209,5,4.67084023389034,2.0826494693756104,0.2,0.953762162476778,0.0003,0.1373779296875,0.02360335,1580,0.010198125534043357,-1.2345119095174595
98304,17.11,490,-81.58690897,200,6,4.9741611811332405,1.890284538269043,0.2,0.9484332874417305,0.0003,0.14495849609375,0.038525634,1590,0.01307722639548956,-1.1968770053470508
114688,17.13,562,-81.78398369,203,7,4.3751555567607285,2.1294867992401123,0.2,0.9560706466436386,0.0003,0.144525146484375,0.032196075,1600,0.007375067800967372,-1.181502298777923
16384,16.75,54,-82.0847643,301,1,4.161680555110797,2.186694383621216,0.2,0.9579567685723305,0.0003,0.166778564453125,0.062094226,1610,0.011699722958383063,-1.2151493679033591
32768,16.91,140,-81.80181379,234,2,4.684202399849892,1.521400809288025,0.2,0.951512273401022,0.0003,0.128240966796875,0.024194775,1620,0.011301399226249486,-1.1545516548212618
49152,17.37,223,-81.46933906,220,3,4.818955926364287,1.8878976106643677,0.2,0.9517621695995331,0.0003,0.120648193359375,0.016862666,1630,0.008548051385332656,-1.1553675965871661
65536,16.66,320,-81.98465648999999,204,4,4.65552218942903,1.6856677532196045,0.2,0.9534274339675903,0.0003,0.117620849609375,0.015080575,1640,0.008544328586867777,-1.1230919286375864
81920,16.5,401,-82.1683876,204,5,4.434684353880584,1.851721167564392,0.2,0.9557467512786388,0.0003,0.174432373046875,0.18662852,1650,-0.006188208836010745,-1.165181426773779
98304,16.41,496,-82.26054485,197,6,4.056909174891189,2.022566556930542,0.2,0.958463940769434,0.0003,0.175042724609375,0.088299826,1660,0.01533936948135306,-1.1907605023356154
114688,16.37,576,-82.23883808000001,198,7,4.456596434768289,2.7881076335906982,0.2,0.9519797451794147,0.0003,0.1639404296875,0.22088942,1670,0.015636023098159056,-1.0917279789922758
16384,16.79,54,-82.08361572000001,302,1,4.435565566457808,2.717639446258545,0.2,0.9556829258799553,0.0003,0.14068603515625,0.115602195,1680,0.013635041556153738,-1.0859395812032744
32768,16.48,150,-82.26457400999999,218,2,4.263468966027721,2.7951862812042236,0.2,0.9559742026031017,0.0003,0.1211181640625,0.02695493,1690,0.01439918762198431,-1.0035635192878545
49152,16.97,231,-82.27603317999997,212,3,4.259407668467611,1.9344713687896729,0.2,0.9561090096831322,0.0003,0.14080810546875,0.064015,1700,0.0029414947603072505,-1.063382319267839
65536,16.83,323,-82.01379342999999,202,4,3.659288789657876,2.157694101333618,0.2,0.9610409028828144,0.0003,0.1822509765625,0.35507387,1710,0.12890315031163482,-0.9904962236061692
81920,17.28,403,-81.67247982,203,5,3.7966703244484963,2.07503342628479,0.2,0.959898017346859,0.0003,0.110772705078125,0.030195992,1720,0.008571762513111026,-0.9702075555920601
98304,17.72,500,-81.38456719999999,196,6,4.118474394734949,1.9950733184814453,0.2,0.9586384072899818,0.0003,0.109124755859375,0.029328045,1730,0.0061180487183264635,-0.9704373973188922
114688,17.04,587,-82.08968176,195,7,5.121919333189726,3.0703392028808594,0.2,0.9494595788419247,0.0003,0.148095703125,0.129927,1740,-0.008309703002487368,-1.0490744479699061
16384,17.16,49,-81.70469440000001,331,1,4.057229871442542,1.9739092588424683,0.2,0.9565819427371025,0.0003,0.216455078125,0.37182236,1750,-0.001867092383599811,-1.0705545029835775
32768,17.07,138,-81.89862834,236,2,4.227006338676437,2.875258207321167,0.2,0.9544625952839851,0.0003,0.179351806640625,0.036267094,1760,0.015269230546800827,-1.0714140428928658
49152,25.23,235,-88.56925645,208,3,4.739123093895614,2.0414369106292725,0.2,0.9516193270683289,0.0003,0.2627197265625,1.3947266,1770,0.009644565787766624,-1.1880040566204115
65536,26.45,327,-90.55445896,200,4,17.47091874331236,10.21955680847168,0.2,0.6793736517429352,0.0003,0.1744384765625,0.03381323,1780,0.01654496931023459,-1.1619310361100361
81920,26.03,415,-87.52684679,197,5,17.49016240630299,9.74023151397705,0.2,0.7463757693767548,0.0003,0.195489501953125,0.0566778,1790,0.016509288276665757,-1.1786539706401526
98304,24.77,503,-86.85067294999998,195,6,15.102644668146969,4.498253345489502,0.2,0.7830567806959152,0.0003,0.192144775390625,0.034715507,1800,0.020009823308646445,-1.196188432094641
114688,25.64,596,-86.94899264,192,7,15.686793999746442,7.1711225509643555,0.2,0.807438462972641,0.0003,0.178778076171875,0.050605718,1810,0.014926342825037863,-1.1976927027804778
16384,25.79,46,-87.71060188999999,353,1,14.873922938853502,8.789310455322266,0.2,0.8261674344539642,0.0003,0.174169921875,0.028062569,1820,0.0136643381302747,-1.1955831790575757
32768,24.79,136,-85.68268511999999,239,2,17.077415698952972,8.621170043945312,0.2,0.7933301329612732,0.0003,0.164434814453125,0.02878109,1830,0.01352955698803271,-1.1697218084242196
49152,25.74,221,-87.90512761,222,3,16.955491023883223,7.263071537017822,0.2,0.8011739403009415,0.0003,0.17076416015625,0.025624868,1840,0.014800550689324154,-1.2036156461574137
65536,26.53,322,-87.06184591000002,203,4,12.785655076801778,8.779644966125488,0.2,0.8464824557304382,0.0003,0.188616943359375,0.030781673,1850,0.01589874897435948,-1.205152822472155
81920,27.49,403,-88.39251307999999,202,5,14.34889742974192,11.365025520324707,0.2,0.8335276544094086,0.0003,0.17601318359375,0.043525815,1860,0.01257136608410292,-1.1827475000871346
98304,25.99,492,-87.31781671,199,6,14.940786405093968,5.276655197143555,0.2,0.8256564140319824,0.0003,0.18785400390625,0.029503204,1870,0.013848579638261072,-1.2364180310163646
114688,25.92,582,-86.25418654000003,196,7,15.106443572230637,5.59596586227417,0.2,0.8286304771900177,0.0003,0.180645751953125,0.023751646,1880,0.014830798360981135,-1.221050641615875
16384,26.09,39,-87.18780591999999,410,1,15.201110070943832,5.894577980041504,0.2,0.8352291584014893,0.0003,0.200628662109375,0.038585987,1890,0.017702199481072968,-1.1884848066838458
32768,25.37,137,-86.92964193000002,237,2,15.835638653114438,9.039332389831543,0.2,0.8246317356824875,0.0003,0.183502197265625,0.027949752,1900,0.014432779757589742,-1.198933326266706
49152,25.36,211,-87.35170329999997,232,3,13.769200628623366,7.0538249015808105,0.2,0.8397648930549622,0.0003,0.19254150390625,0.025493808,1910,0.015508036501705647,-1.1901822621235625
65536,26.47,312,-87.20507235000001,209,4,13.250244614295662,4.976850509643555,0.2,0.8490889966487885,0.0003,0.18895263671875,0.030946517,1920,0.016366354234924073,-1.2256254439707845
81920,25.79,399,-86.19727028000001,205,5,14.095242836512625,6.840263843536377,0.2,0.8416516333818436,0.0003,0.183984375,0.029024167,1930,0.012529957558126626,-1.1730200037593022
98304,26.6,480,-87.73104159999998,204,6,14.602525212243199,9.04880428314209,0.2,0.8367615789175034,0.0003,0.18153076171875,0.031193858,1940,0.01572483252789425,-1.1800685974769294
114688,24.69,579,-85.89503370999999,197,7,14.410577168688178,6.435461044311523,0.2,0.826324075460434,0.0003,0.213446044921875,0.19486873,1950,0.013253857404561132,-1.2458504823269323
16384,27.41,43,-86.88867973999999,374,1,13.762798662297428,5.163619041442871,0.2,0.7837744057178497,0.0003,0.2135986328125,0.035663374,1960,0.015317259988569277,-1.3513981669675559
32768,25.47,145,-88.2668681,224,2,14.729042655043305,6.90302038192749,0.2,0.8293215036392212,0.0003,0.195263671875,0.045804165,1970,0.016341203063529975,-1.257675965782255
49152,25.52,215,-86.81036131,228,3,14.967138750478625,8.849248886108398,0.2,0.7996745556592941,0.0003,0.18370361328125,0.04533419,1980,0.01364796759935416,-1.2525219745468348
65536,26.06,314,-87.04132884,208,4,14.723496581241488,10.435640335083008,0.2,0.8271902054548264,0.0003,0.20042724609375,0.055318847,1990,0.016841572223438562,-1.264911029417999
81920,26.99,398,-87.72734799000001,205,5,12.74595052730292,4.92098331451416,0.2,0.846012219786644,0.0003,0.1851806640625,0.047700435,2000,0.015541188071347278,-1.2183787710731848
98304,25.4,487,-86.50486689000002,201,6,14.770236337557435,6.931187152862549,0.2,0.8258797079324722,0.0003,0.19010009765625,0.049152777,2010,0.01551079294513329,-1.1724380428204313
114688,27.4,580,-87.71160704,197,7,14.757778156548738,14.176544189453125,0.2,0.8327956944704056,0.0003,0.186004638671875,0.034796815,2020,0.015222631405231368,-1.190754743036814
16384,24.63,41,-86.57736657000001,395,1,15.13802257180214,16.324676513671875,0.2,0.832992747426033,0.0003,0.2003662109375,0.07712348,2030,0.020238036720184028,-1.1127288875402883
32768,28.12,131,-87.03506145999998,249,2,14.253989201039076,8.02016544342041,0.2,0.8366551697254181,0.0003,0.170013427734375,0.03758435,2040,0.013814746169555293,-1.193355288915336
49152,27.36,209,-88.07458271999998,234,3,18.1556508006528,9.930883407592773,0.2,0.7909675240516663,0.0003,0.184967041015625,0.030935163,2050,0.017392326375920676,-1.1008326390758156
65536,28.2,308,-88.37173468,212,4,17.071057387441396,10.781086921691895,0.2,0.8110710382461548,0.0003,0.204217529296875,0.06451853,2060,0.017375795848010966,-1.1117948004975915
81920,26.98,401,-87.06196630999999,204,5,24.120143238641322,9.416085243225098,0.2,0.739821195602417,0.0003,0.178936767578125,0.059199248,2070,0.013950456827024027,-1.1222605338785798
98304,27.92,491,-87.05743980999999,199,6,21.601706262305377,3.5618627071380615,0.2,0.7765338271856308,0.0003,0.20906982421875,0.047494136,2080,0.0269247596248988,-1.1688503223238513
114688,29.55,583,-86.28489736000002,196,7,29.33600682616234,14.676990509033203,0.2,0.7020949125289917,0.0003,0.182940673828125,0.051785663,2090,0.01863165806762481,-1.1629557018401102
16384,26.77,47,-86.65490923999998,342,1,32.87109588906169,17.40688133239746,0.2,0.6926462948322296,0.0003,0.18209228515625,0.10419136,2100,0.0158479687941508,-1.1888557792641223
32768,30.79,146,-85.72649937999999,223,2,37.11883103661239,20.385862350463867,0.2,0.6602638363838196,0.0003,0.17078857421875,0.041888688,2110,0.018195469843794852,-1.21283654414583
49152,32.05,224,-86.00250378000001,219,3,50.25791379660368,18.124298095703125,0.2,0.5724146068096161,0.0003,0.178387451171875,0.04341419,2120,0.012879084179257917,-1.2014891237486154
65536,28.87,322,-85.61570900999999,203,4,71.219847458601,40.89348220825195,0.2,0.4799005389213562,0.0003,0.2072021484375,0.037629537,2130,0.01953617995859531,-1.1777507522376254
81920,31.21,409,-84.68310671,199,5,73.75375403612853,27.56944465637207,0.2,0.46867138147354126,0.0003,0.199261474609375,0.03674226,2140,0.01614666175064485,-1.2443480618530884
98304,30.81,507,-85.46238567000002,193,6,88.80401906967163,52.417938232421875,0.2,0.4400089383125305,0.0003,0.1833251953125,0.038390066,2150,0.01707117361488599,-1.2736736013321206
114688,33.98,598,-83.19877143,191,7,89.8587561622262,40.626102447509766,0.2,0.43087589740753174,0.0003,0.188031005859375,0.03410682,2160,0.015645261478130123,-1.2463033104548231
16384,35.22,46,-83.22176067000002,354,1,91.24834008663893,42.889469146728516,0.2,0.4252122640609741,0.0003,0.17984619140625,0.044992264,2170,0.013859482000589196,-1.2288567511364819
32768,35.0,133,-83.69710468,244,2,106.64283317178487,55.141212463378906,0.2,0.36936748027801514,0.0003,0.1684814453125,0.024648273,2180,0.012758787252550974,-1.1803479679860174
49152,36.37,219,-83.35120684000002,223,3,121.55267541706561,37.44075393676758,0.2,0.3205975294113159,0.0003,0.16048583984375,0.070116624,2190,0.011957379286468495,-1.1334975868929178
65536,38.23,313,-80.64457044,209,4,127.48941820561886,56.09722900390625,0.2,0.306348979473114,0.0003,0.157696533203125,0.02335491,2200,0.011018586213322124,-1.17060242225416
81920,37.79,394,-82.73512925000001,207,5,126.06715939939022,53.33094024658203,0.2,0.3202996253967285,0.0003,0.17200927734375,0.053946957,2210,0.013256584843566089,-1.1734786582179368
98304,40.75,482,-82.4055017,203,6,146.11630093753337,77.32310485839844,0.2,0.27795982360839844,0.0003,0.182489013671875,0.04343178,2220,0.018125891555428097,-1.2004927514819428
114688,42.75,574,-79.77765893,199,7,147.31540644466878,68.50859832763672,0.2,0.2825690507888794,0.0003,0.157330322265625,0.041636143,2230,0.012827410536101525,-1.1802898296387867
16384,43.57,36,-80.21111387,451,1,146.28252076804637,65.12445831298828,0.2,0.3241664171218872,0.0003,0.14305419921875,0.030011542,2240,0.010819073298671355,-1.1885312334401532
32768,45.47,130,-77.20269959000001,250,2,152.42505706846714,69.67879486083984,0.2,0.31559884548187256,0.0003,0.1422607421875,0.024951821,2250,0.009075659186692064,-1.19733221239876
49152,46.96,213,-76.59796087999999,230,3,137.65002686977385,75.85905456542969,0.2,0.38149917125701904,0.0003,0.139910888671875,0.023143727,2260,0.010492723727111297,-1.1914382509654389
65536,44.06,308,-79.56912582000001,212,4,143.84864621460437,81.93819427490234,0.2,0.36785727739334106,0.0003,0.1796142578125,0.038697906,2270,0.02349484907463193,-1.2224321870598942
81920,46.83,400,-76.79435618000001,204,5,132.54309240281583,74.37406158447266,0.2,0.3798002004623413,0.0003,0.14747314453125,0.059641108,2280,0.015722446964173287,-1.2222914970247074
98304,46.25,485,-78.28485878000001,202,6,135.89607252776622,77.48413848876953,0.2,0.36598700284957886,0.0003,0.133966064453125,0.03117953,2290,0.009625319118185871,-1.1864403836894781
114688,44.8,583,-79.41027598,196,7,135.33073996305467,75.06341552734375,0.2,0.3814483880996704,0.0003,0.14000244140625,0.02192561,2300,0.006840880271465721,-1.18918490530923
16384,46.69,35,-77.58161723,464,1,132.7215074390173,61.94255065917969,0.2,0.4367178678512573,0.0003,0.143280029296875,0.103670694,2310,0.010369058992546342,-1.1746605088934303
32768,48.74,134,-76.62148848,243,2,131.18216821849347,66.07186889648438,0.2,0.47764039039611816,0.0003,0.1203125,0.011994265,2320,0.007399717423686525,-1.1843353752745316
49152,50.29,223,-74.11196835999999,219,3,116.74889795929194,47.833919525146484,0.2,0.5170110464096069,0.0003,0.12235107421875,0.01700985,2330,0.006536243218852178,-1.181687991763465
65536,49.85,313,-74.82669262000002,209,4,115.32430823296309,40.820186614990234,0.2,0.5054758191108704,0.0003,0.163775634765625,0.029730864,2340,0.01354387854134984,-1.16211982362438
81920,48.56,395,-76.20145337,206,5,121.59116175323724,69.37186431884766,0.2,0.49683135747909546,0.0003,0.18604736328125,0.27035236,2350,0.07933026599612276,-1.1938291067024693
98304,50.98,486,-74.93479885,201,6,107.78411516845226,73.06465148925781,0.2,0.5397929549217224,0.0003,0.167596435546875,0.103529885,2360,0.012199983975870054,-1.2125046722125261
114688,48.74,585,-76.63838185999998,195,7,113.27500281184912,62.481380462646484,0.2,0.5559539496898651,0.0003,0.157586669921875,0.02672882,2370,0.009473824168526334,-1.1796840838855132
16384,49.11,42,-75.76736971,383,1,120.28736075162888,66.27534484863281,0.2,0.5479046106338501,0.0003,0.1656982421875,0.023132607,2380,0.022005072978117823,-1.1457695819437503
32768,52.02,143,-72.82699385,228,2,107.80280463993549,40.229095458984375,0.2,0.5756053924560547,0.0003,0.151788330078125,0.023049891,2390,0.010209877523993782,-1.1648394752759486
49152,52.38,216,-73.74367278,226,3,99.28380945175886,38.929405212402344,0.2,0.6008559763431549,0.0003,0.169921875,0.029429287,2400,0.020945932694758085,-1.1631345530273394
65536,52.46,314,-72.30287924,208,4,91.54110373184085,33.14265823364258,0.2,0.6475525200366974,0.0003,0.212554931640625,0.40031943,2410,0.019433629011109586,-1.1629588587675244
81920,53.97,390,-70.73516874,209,5,84.14695833027363,38.437137603759766,0.2,0.700395256280899,0.0003,0.20296630859375,0.27909595,2420,0.025748842240864177,-1.1456569589441643
98304,52.91,477,-71.58466625,205,6,74.67850488349795,23.765581130981445,0.2,0.7209132313728333,0.0003,0.13701171875,0.23383719,2430,0.009715127687923087,-1.0888861688319593
114688,53.41,569,-71.5245434,201,7,77.14874575287104,40.41128158569336,0.2,0.7249652445316315,0.0003,0.130621337890625,0.024233337,2440,0.0089623284919071,-1.1499522856902331
16384,53.29,47,-71.40955409,348,1,75.9620491579175,59.30687713623047,0.2,0.7427704036235809,0.0003,0.219476318359375,0.05128903,2450,0.026389707391354024,-1.1237501898547635
32768,52.8,153,-71.03442592,213,2,76.56273161917925,21.41842269897461,0.2,0.7490993142127991,0.0003,0.15811767578125,0.3221269,2460,0.005460356801359012,-1.147225019754842
49152,52.31,237,-72.33955029999998,207,3,71.81608107015491,32.07858657836914,0.2,0.7496489584445953,0.0003,0.1718994140625,0.29920107,2470,0.003243394968285429,-1.172105871862732
65536,52.01,336,-72.68209828,194,4,85.75367510467768,46.23331832885742,0.2,0.6917685568332672,0.0003,0.1794189453125,0.13437505,2480,0.008315692097676219,-1.1695414135465398
81920,51.3,420,-73.51572270999999,194,5,73.20937081128359,43.156707763671875,0.2,0.7242996394634247,0.0003,0.16082763671875,0.25366792,2490,0.015463176068351459,-1.1884023543680087
98304,53.06,513,-70.80431537999999,191,6,78.02473531886935,48.966983795166016,0.2,0.7191934287548065,0.0003,0.186328125,0.24153545,2500,0.021175104550184187,-1.16165460862685
114688,53.5,604,-71.53409291000001,189,7,71.45571873188018,29.246562957763672,0.2,0.7478293776512146,0.0003,0.196807861328125,0.5464975,2510,0.028164529369860247,-1.1803496930515394
16384,40.09,47,-91.5943521,344,1,77.20691893920302,34.66367721557617,0.2,0.7133308053016663,0.0003,0.145465087890625,0.9951393,2520,0.0031740647678816457,-1.1938228274928406
32768,40.1,134,-93.25895703999998,243,2,102.88081008195877,59.083736419677734,0.2,0.26979726552963257,0.0003,0.34168701171875,0.76232207,2530,0.05932819285135338,-1.4102417960530147
49152,42.83,217,-90.13717349999999,225,3,74.25163342654704,29.045806884765625,0.2,0.5577888190746307,0.0003,0.195318603515625,0.082409024,2540,0.01457957102347791,-1.39258772211615
65536,44.11,309,-86.66202375999997,211,4,86.88330835700035,58.136348724365234,0.2,0.4762665629386902,0.0003,0.192095947265625,0.04441888,2550,0.01035131933476805,-1.348765277629718
81920,45.04,399,-82.59441421,204,5,107.12213353961707,43.81013870239258,0.2,0.426094651222229,0.0003,0.264556884765625,0.07525774,2560,0.03204865937577779,-1.3473361441399903
98304,47.06,490,-77.57023902,200,6,116.05928012132645,44.239036560058594,0.2,0.4262315630912781,0.0003,0.2263671875,0.24309559,2570,0.012092217695953877,-1.256021249643527
114688,50.44,583,-73.48485479,196,7,99.6693217098713,72.10319519042969,0.2,0.4949731230735779,0.0003,0.25792236328125,0.8826859,2580,0.02860339780627328,-1.2574773109983652
16384,50.62,45,-73.03604928,363,1,86.36254323646426,22.895925521850586,0.2,0.618661493062973,0.0003,0.226031494140625,0.9775635,2590,0.0373710760247377,-1.2796448576729744
32768,48.83,140,-74.78729507,233,2,87.38918044939638,41.507137298583984,0.2,0.6363360285758972,0.0003,0.25435791015625,0.33012587,2600,0.04570757605597464,-1.1781934720464051
49152,47.7,231,-78.67575678999998,212,3,95.75099599659443,45.854068756103516,0.2,0.6449606120586395,0.0003,0.293316650390625,0.92086846,2610,0.039406747800512676,-1.2655681659234688
65536,46.88,323,-77.64843631000001,202,4,118.04655652493238,57.8908576965332,0.2,0.5667988359928131,0.0003,0.132391357421875,0.03320334,2620,0.007934025682334322,-1.2645529837580398
81920,50.92,411,-73.85137671000001,199,5,112.72805946916341,51.29000473022461,0.2,0.5724567174911499,0.0003,0.142974853515625,0.023354428,2630,0.011318999319519208,-1.2642809830140322
98304,50.4,488,-72.80480904000001,201,6,83.22449407726526,38.21039581298828,0.2,0.6495131850242615,0.0003,0.284039306640625,0.05393081,2640,0.049721022949051986,-1.230670729605481
114688,52.26,589,-72.51933691,194,7,93.7308753825724,50.56757736206055,0.2,0.641107827425003,0.0003,0.17310791015625,0.09055308,2650,0.011561181702109024,-1.270907828770578
16384,48.1,29,-76.24036561,549,1,73.81142247840762,30.103065490722656,0.2,0.7166436612606049,0.0003,0.20587158203125,0.20882298,2660,0.016982566739898175,-1.1721363557502626
32768,53.45,136,-70.97846403999999,240,2,94.9761618167162,64.04339599609375,0.2,0.6427772045135498,0.0003,0.322430419921875,2.2880092,2670,0.049058474524736086,-1.2110782879171893
49152,53.5,212,-70.14649849999999,231,3,63.56857597641647,37.26232147216797,0.2,0.7268466055393219,0.0003,0.211834716796875,1.0313232,2680,0.0008628708642390848,-1.0870146551169455
65536,42.66,309,-85.11230237,212,4,68.05669380575418,46.474159240722656,0.2,0.7231907844543457,0.0003,0.305792236328125,3.2968218,2690,0.013846218724211212,-1.0191038844408467
81920,42.73,399,-85.35085950999999,204,5,154.4186923146248,81.83143615722656,0.2,0.41594040393829346,0.0003,0.278662109375,0.29853934,2700,0.030975480773395247,-1.2933702739421278
98304,45.88,477,-81.50094648999999,206,6,122.66878219097853,61.39784240722656,0.2,0.49249541759490967,0.0003,0.189984130859375,0.21152492,2710,0.02058895102090901,-1.1985492615727709
114688,46.64,573,-82.01503952000002,199,7,99.85175794512034,72.53076171875,0.2,0.5076679587364197,0.0003,0.1630859375,0.071056664,2720,0.01620937108909857,-1.177571125351824
16384,47.24,35,-80.82362717,456,1,91.34579680413007,44.42185974121094,0.2,0.5731047987937927,0.0003,0.16160888671875,0.03564925,2730,0.01600983012558572,-1.156789929443039
32768,47.56,134,-81.06653893999999,243,2,81.48363093286753,31.85601806640625,0.2,0.6234315633773804,0.0003,0.18193359375,0.028083168,2740,0.025976709944461617,-1.1628140112152323
49152,48.82,208,-78.49907237000001,235,3,81.14657286703587,42.96272277832031,0.2,0.6314573585987091,0.0003,0.16534423828125,0.052407466,2750,0.015484820878737083,-1.151906104804948
65536,40.85,302,-88.15214953,216,4,93.07595375180244,36.10601806640625,0.2,0.5767106711864471,0.0003,0.17818603515625,2.0914476,2760,0.022310643917535344,-1.1206355485832318
81920,41.95,399,-87.30290901000001,204,5,91.24289155155421,52.01097106933594,0.2,0.4033186435699463,0.0003,0.188812255859375,0.053747978,2770,0.02205345569664132,-1.0243810082087292
98304,43.36,472,-84.64832745,208,6,87.90853890329599,52.6290283203125,0.2,0.44589704275131226,0.0003,0.162066650390625,0.030336808,2780,0.021392857928640298,-1.0290227565215901
114688,40.24,566,-88.71451536,202,7,92.34406889230013,42.3690185546875,0.2,0.4176566004753113,0.0003,0.14947509765625,0.038478486,2790,0.012384847337898464,-1.0404619372915476
16384,44.55,40,-83.56547758,409,1,90.25496166795492,41.31395721435547,0.2,0.4094597101211548,0.0003,0.164007568359375,0.038315505,2800,0.016242250532195614,-1.0556413646088914
32768,42.62,132,-84.00530964,247,2,89.85758990347385,46.56483459472656,0.2,0.44382691383361816,0.0003,0.1531005859375,0.046870552,2810,0.015231572082757338,-1.0818324458319695
49152,42.16,210,-85.64716207000001,233,3,89.93818147927523,42.63120651245117,0.2,0.4161270260810852,0.0003,0.162005615234375,0.02546985,2820,0.017890707727565312,-1.0636474625440315
65536,44.07,313,-81.92910500000002,209,4,86.57814936935901,29.012279510498047,0.2,0.440468966960907,0.0003,0.1519775390625,0.372526,2830,0.01673226160792183,-1.042243954236619
81920,42.44,400,-85.27465448000001,204,5,93.17003826498986,45.6348876953125,0.2,0.45933812856674194,0.0003,0.1839111328125,0.03746797,2840,0.02351623328113419,-1.0599606056697666
98304,44.62,491,-81.64200974,199,6,90.00925323218107,45.75679397583008,0.2,0.4655624032020569,0.0003,0.17119140625,0.025195949,2850,0.01412424239797474,-1.0464258993742988
114688,44.72,595,-82.99964885,192,7,90.3303005963564,44.247039794921875,0.2,0.4686615467071533,0.0003,0.15875244140625,0.052283198,2860,0.013867467950194622,-0.9842959400266409
16384,45.04,43,-81.90765887999999,373,1,91.42908502370119,48.135040283203125,0.2,0.4713798761367798,0.0003,0.153765869140625,0.027940657,2870,0.013848996795059066,-0.9778223873814568
32768,46.67,137,-79.27587322000001,237,2,88.7080100685358,49.82222366333008,0.2,0.4880293011665344,0.0003,0.174884033203125,0.020308185,2880,0.02228767066326327,-0.9333331930101849
49152,46.46,217,-79.66310885000001,226,3,93.78963614404202,57.490989685058594,0.2,0.507374495267868,0.0003,0.151629638671875,0.024935622,2890,0.015543732806509069,-0.9052332939347252
65536,48.46,314,-78.15152277,208,4,96.34751558154821,86.26799774169922,0.2,0.5262192189693451,0.0003,0.165185546875,0.28019497,2900,0.018988727366195234,-0.9216685576364398
81920,48.83,399,-77.07889026,204,5,92.05326426029205,66.6442642211914,0.2,0.5620852112770081,0.0003,0.16396484375,0.06743485,2910,0.02207756552434148,-0.8531421964522451
98304,47.27,492,-77.89794666,199,6,80.51037184670568,40.91289520263672,0.2,0.6203679442405701,0.0003,0.15350341796875,0.03708602,2920,0.016089391219884418,-0.8914053552551195
114688,47.49,577,-78.74648388,198,7,92.37419181764126,30.24749755859375,0.2,0.5799163579940796,0.0003,0.27874755859375,1.4504151,2930,0.059798162631886954,-0.9091921908198856
16384,46.21,47,-79.24189146,343,1,88.96463802605868,42.42776870727539,0.2,0.5716625154018402,0.0003,0.175604248046875,0.049011685,2940,0.023781462529495912,-0.84448857314419
32768,47.36,139,-80.43632551,234,2,87.64109068661928,45.76091384887695,0.2,0.5703049302101135,0.0003,0.1861572265625,0.04094696,2950,0.027479520209908515,-0.8677968365023844
49152,48.76,235,-78.71231794,208,3,91.65705837756396,38.95957565307617,0.2,0.540573239326477,0.0003,0.15977783203125,0.028074853,2960,0.016227550997109576,-0.8607278923271224
65536,47.2,322,-78.38664707000001,203,4,85.02672282010317,52.569454193115234,0.2,0.5705735087394714,0.0003,0.1717529296875,0.084167115,2970,0.016639489771387163,-0.8444998733815737
81920,47.93,416,-79.75148478,196,5,84.14387003183364,48.46466064453125,0.2,0.5797346532344818,0.0003,0.17432861328125,0.023339868,2980,0.019236288666161273,-0.8077025908161886
98304,47.24,504,-77.62971682,194,6,89.72462245225907,41.885066986083984,0.2,0.5759167671203613,0.0003,0.1810791015625,0.04907371,2990,0.019021612420738167,-0.7878087568795309
114688,36.6,599,-89.74417091000001,191,7,81.25355868190528,33.113075256347656,0.2,0.6100448668003082,0.0003,0.290277099609375,0.6213819,3000,0.05432872364299328,-0.7235788340563886
16384,38.06,46,-88.83391748000003,353,1,101.5118366613984,60.63010787963867,0.2,0.31358957290649414,0.0003,0.16910400390625,0.02654408,3010,0.01496453121144441,-0.8130391970509663
32768,38.19,145,-88.39304857,225,2,84.6358641654253,42.57929992675781,0.2,0.3820474147796631,0.0003,0.177777099609375,0.03073124,3020,0.014627186843881645,-0.8040027613285929
49152,41.3,222,-85.32313698000002,221,3,83.22988641411067,44.897010803222656,0.2,0.37380725145339966,0.0003,0.146136474609375,0.013693174,3030,0.008886183569302375,-0.8106078280601651
65536,39.93,315,-86.50125268000002,208,4,92.08513005822897,46.38173294067383,0.2,0.3210160732269287,0.0003,0.151116943359375,0.023797829,3040,0.013545799339090081,-0.816396224417258
81920,42.33,406,-84.40734543,201,5,88.46471631377935,43.187625885009766,0.2,0.3540835976600647,0.0003,0.132177734375,0.016747931,3050,0.007739483868135721,-0.811342723830603
98304,41.22,488,-85.3874528,201,6,87.86139008253812,32.48552322387695,0.2,0.37391114234924316,0.0003,0.178118896484375,0.024297781,3060,0.013557266860516393,-0.807926062552724
114688,42.13,583,-84.33859399,196,7,93.3502016529441,43.63518142700195,0.2,0.39574146270751953,0.0003,0.15302734375,0.028842177,3070,0.012499951970403345,-0.784618217870593
16384,45.09,43,-83.34360606999999,373,1,95.63965667188168,56.21527862548828,0.2,0.40531569719314575,0.0003,0.336370849609375,2.6705213,3080,0.04993801683594938,-0.8867558971513063
32768,46.21,137,-81.54414229,238,2,81.99473513364792,37.76454544067383,0.2,0.46869921684265137,0.0003,0.20113525390625,0.05234438,3090,0.023905750952235395,-0.7788751192972996
49152,46.0,223,-82.00888069000001,220,3,82.40282042175531,48.17012405395508,0.2,0.4883868098258972,0.0003,0.125067138671875,0.025497029,3100,0.007478431984145573,-0.8034318463294767
65536,45.6,315,-82.49783616999999,207,4,82.07381848841905,42.18128967285156,0.2,0.4974045753479004,0.0003,0.128546142578125,0.02394813,3110,0.006969948434380058,-0.7905701402341947
81920,47.04,403,-81.12240801,203,5,89.22163821607828,48.097442626953125,0.2,0.4952516555786133,0.0003,0.152392578125,0.039162602,3120,0.012768875736219343,-0.7865661918651312
98304,47.42,488,-79.92807348000001,201,6,80.68431331813335,35.761566162109375,0.2,0.545829176902771,0.0003,0.187286376953125,0.09831704,3130,0.02630909273175348,-0.7540248872130177
114688,47.47,590,-80.17857827,194,7,87.07286901175976,32.155941009521484,0.2,0.5556260943412781,0.0003,0.152752685546875,0.026479125,3140,0.010915934843797003,-0.7558597407187335
16384,48.51,32,-78.68488871000001,503,1,88.58978641927243,49.120872497558594,0.2,0.5438741147518158,0.0003,0.14779052734375,0.02013969,3150,0.015314138500980335,-0.7602859858889133
32768,49.69,133,-76.96787186,245,2,84.33714746534824,59.99290084838867,0.2,0.5834622085094452,0.0003,0.1448974609375,0.042983476,3160,0.012643864089568524,-0.7908998818020336
49152,48.83,215,-76.75432737999999,227,3,84.37448032945395,48.632869720458984,0.2,0.5953451991081238,0.0003,0.179547119140625,0.031076742,3170,0.020527758536900365,-0.7598763737245463
65536,47.9,314,-79.79292341,208,4,79.19030012637377,40.510498046875,0.2,0.630098432302475,0.0003,0.159674072265625,0.036307346,3180,0.017973120754595583,-0.7497516750823706
81920,48.68,406,-77.65815947,201,5,88.56955829262733,31.29324722290039,0.2,0.6023804247379303,0.0003,0.132958984375,0.027442519,3190,0.008608535093935643,-0.7404501290409826
98304,50.03,489,-76.85661627999998,200,6,83.99261685907841,34.319671630859375,0.2,0.6063405275344849,0.0003,0.152655029296875,0.02731378,3200,0.012327727445972414,-0.7191677048336714
114688,33.76,592,-88.08455424000002,193,7,84.2481394380331,36.92979431152344,0.2,0.6192746460437775,0.0003,0.195294189453125,0.37575915,3210,0.012350260219864139,-0.713053893763572
16384,35.2,32,-86.84191588999998,497,1,108.96985010802746,57.783294677734375,0.2,0.2557985782623291,0.0003,0.242156982421875,0.038234003,3220,0.042843971149886785,-0.9389225088292733
32768,42.79,135,-85.14857157,241,2,111.32614957541227,53.93657684326172,0.2,0.3809862732887268,0.0003,0.197119140625,0.11467015,3230,0.0069444440358893186,-0.9235039633931592
49152,40.06,215,-88.33184013,227,3,99.0366650313139,40.17606735229492,0.2,0.3391801714897156,0.0003,0.1649658203125,0.038967032,3240,0.009736485596295096,-0.8298671572236345
65536,42.0,320,-85.19038333999998,204,4,92.23313841074705,37.19812774658203,0.2,0.3973882794380188,0.0003,0.1415771484375,0.028594375,3250,0.008071768014360714,-0.8011043661157601
81920,42.4,410,-85.03860918000001,199,5,92.32517441362143,44.25546646118164,0.2,0.41928571462631226,0.0003,0.167047119140625,0.02378769,3260,0.011980066758042085,-0.8037336445762776
98304,42.21,502,-86.23115726999998,195,6,92.38154481649399,42.20586013793945,0.2,0.44361400604248047,0.0003,0.1445068359375,0.018255938,3270,0.008585321193459094,-0.7769410659209826
114688,43.84,593,-84.00772936,193,7,94.32707513868809,47.8751106262207,0.2,0.44180697202682495,0.0003,0.15045166015625,0.0337737,3280,0.008218429175030906,-0.7682813707389868
16384,45.32,43,-82.09952332,378,1,95.13893652260303,42.263694763183594,0.2,0.4420424699783325,0.0003,0.12611083984375,0.02255632,3290,0.006914376166423608,-0.7211611155653372
32768,48.73,138,-79.23762751,236,2,95.97014753818512,57.91898727416992,0.2,0.4680013060569763,0.0003,0.131610107421875,0.025810432,3300,0.006790838885626727,-0.7019530302030035
49152,47.02,225,-79.45108617,217,3,91.26900687068701,45.31411361694336,0.2,0.4887804388999939,0.0003,0.298980712890625,0.96806407,3310,0.044398708939479545,-0.6217001630866434
65536,29.29,320,-82.06197519,204,4,85.9658274039626,47.654354095458984,0.2,0.5351126194000244,0.0003,0.164556884765625,0.46379825,3320,0.015602889235924521,-0.6513092471519485
81920,39.36,407,-79.56833553,201,5,113.70033264905214,63.857513427734375,0.2,0.28967076539993286,0.0003,0.1884033203125,0.09714325,3330,0.012578620237400173,-0.5702633128734306
98304,43.85,505,-79.03781671,194,6,101.01562058478594,34.86750411987305,0.2,0.457711398601532,0.0003,0.13790283203125,0.3117119,3340,0.009267733215529006,-0.5121000459592324
114688,44.32,600,-77.30495703000001,190,7,105.12161738276481,55.45930099487305,0.2,0.487324595451355,0.0003,0.12908935546875,0.08959655,3350,0.010184101323648064,-0.5193976688780821
16384,46.25,44,-77.37155246000002,367,1,110.73424071222544,35.3529167175293,0.2,0.5320799052715302,0.0003,0.1153564453125,0.019096214,3360,0.004286095236238907,-0.49176775199593975
32768,47.69,145,-78.81452369,224,2,101.87041635662317,44.00054168701172,0.2,0.5586943924427032,0.0003,0.264398193359375,1.5621995,3370,0.021246286297355255,-0.5170256773591972
49152,48.49,233,-78.00722466,210,3,113.86007891446351,44.19561004638672,0.2,0.49356579780578613,0.0003,0.21553955078125,1.4263338,3380,0.03247776367597908,-0.44392090894980357
65536,46.43,326,-78.99296702000001,200,4,96.77004414349794,30.115650177001953,0.2,0.5820562541484833,0.0003,0.13233642578125,0.0467687,3390,0.02224814233431971,-0.4669134787924122
81920,45.79,419,-78.42302847,195,5,90.31033281385899,46.50745391845703,0.2,0.6006499230861664,0.0003,0.118670654296875,0.029127475,3400,0.01347087212079714,-0.47517605366883797
98304,47.33,508,-79.85904899,193,6,98.23042903095484,33.0145263671875,0.2,0.5938900411128998,0.0003,0.180743408203125,0.13285007,3410,0.01617291569664303,-0.5204425035743043
114688,50.18,607,-78.06291790999998,188,7,93.84520802944898,36.771305084228516,0.2,0.6005140841007233,0.0003,0.108184814453125,0.030313233,3420,0.008099682472038693,-0.5006671644630842
16384,46.11,41,-79.07599598,399,1,88.81430617421866,52.6781120300293,0.2,0.6223791837692261,0.0003,0.1351318359375,0.042889595,3430,0.011269044246182603,-0.5030516143597197
32768,48.18,134,-77.50986315,243,2,99.25708270967007,39.2655029296875,0.2,0.576714038848877,0.0003,0.162109375,0.07971083,3440,0.014747137361246132,-0.4532161007169634
49152,44.76,214,-82.20232946999998,228,3,98.47282392010092,60.299339294433594,0.2,0.578065037727356,0.0003,0.1705810546875,0.22649682,3450,0.01747949963901192,-0.49134801916079596
65536,45.97,308,-81.46105589000001,212,4,105.65179021209478,39.95933532714844,0.2,0.5205521881580353,0.0003,0.122796630859375,0.017367002,3460,0.01286194028416503,-0.4042041885841172
81920,46.0,398,-80.59813465999999,205,5,90.11206395328045,40.26201629638672,0.2,0.5568417310714722,0.0003,0.150616455078125,0.21629126,3470,0.023686625162645213,-0.42817382255452685
98304,46.09,484,-80.98340395,202,6,91.05951201170683,30.98910903930664,0.2,0.536914050579071,0.0003,0.156201171875,0.02620409,3480,0.031053629946291038,-0.36796492569555994
114688,46.35,583,-80.72708143,196,7,89.10009233355522,51.45803451538086,0.2,0.5333116054534912,0.0003,0.1128173828125,0.025393017,3490,0.009550995279732888,-0.38470014968770555
16384,46.01,41,-80.98376410999998,393,1,90.90039248615503,44.27095413208008,0.2,0.5132193267345428,0.0003,0.128155517578125,0.019689342,3500,0.01587338428635121,-0.3803741364041343
32768,45.32,139,-82.74677093,235,2,86.83331419825554,42.69123077392578,0.2,0.5138298571109772,0.0003,0.139556884765625,0.017142154,3510,0.018274215788733273,-0.43575437787221744
49152,46.18,217,-81.40224685,225,3,91.81741923242808,50.03059387207031,0.2,0.4865676760673523,0.0003,0.117352294921875,0.072304174,3520,0.01123128485169218,-0.36338270948035645
65536,44.11,312,-80.05517764,209,4,85.95424656569958,65.21141815185547,0.2,0.5062276124954224,0.0003,0.1165283203125,0.03123103,3530,0.008569618902765797,-0.36793214547797104
81920,48.09,411,-79.01805313,198,5,88.73597128838301,43.5869140625,0.2,0.504030704498291,0.0003,0.122088623046875,0.025655339,3540,0.009808703404814878,-0.3366443913371768
98304,45.04,502,-81.50026875,195,6,94.64316923469305,58.290245056152344,0.2,0.5128765404224396,0.0003,0.1406005859375,0.030241083,3550,0.019341350007562142,-0.3372404440509854
114688,46.16,598,-81.03932333,191,7,91.0726554006338,61.091426849365234,0.2,0.5408453047275543,0.0003,0.107855224609375,0.02949879,3560,0.008117992975348898,-0.36974650582415053
16384,47.82,50,-78.79688281,321,1,98.13051631003619,33.04462814331055,0.2,0.529594898223877,0.0003,0.0909912109375,0.014897335,3570,0.0053722524401109695,-0.33251544790691695
32768,47.39,152,-78.08763687999999,215,2,97.08603731691838,50.15810775756836,0.2,0.5562326014041901,0.0003,0.13668212890625,0.05645434,3580,0.022366102659361786,-0.32906975274090655
49152,46.97,243,-78.64542789000001,201,3,89.2011840775609,38.87550354003906,0.2,0.5778752267360687,0.0003,0.11500244140625,0.026480429,3590,0.010690738057746785,-0.3271886329341214
65536,45.81,339,-80.61717385000001,192,4,96.89043236225844,31.729883193969727,0.2,0.5308071672916412,0.0003,0.105230712890625,0.026094187,3600,0.00912202380304734,-0.3205233710759785
81920,46.34,422,-78.0438928,193,5,98.26386424601078,52.945106506347656,0.2,0.5048706233501434,0.0003,0.109075927734375,0.065994,3610,0.008760971172614518,-0.3000539374013897
98304,46.31,520,-77.73220248000001,188,6,92.36453654319048,38.750526428222656,0.2,0.5405833125114441,0.0003,0.101300048828125,0.026657606,3620,0.007019059180856857,-0.2908849155704957
114688,42.23,616,-79.15713265999999,186,7,104.64326000362635,56.13591766357422,0.2,0.505033016204834,0.0003,0.111553955078125,0.017762823,3630,0.008010526598081925,-0.3050141322659329
16384,47.64,50,-78.46620554,326,1,106.14434095472097,65.56645202636719,0.2,0.48477643728256226,0.0003,0.12041015625,0.027833194,3640,0.007416023867426702,-0.3058679900772404
32768,46.47,144,-78.43872483,227,2,94.02057375609874,55.35869216918945,0.2,0.540983259677887,0.0003,0.126043701171875,0.05243453,3650,0.011207654834106507,-0.33280322386999617
49152,45.21,243,-79.61431241,202,3,101.51805695742368,76.66911315917969,0.2,0.548274427652359,0.0003,0.11766357421875,0.025589636,3660,0.009742051064131374,-0.3292139513476286
65536,46.83,339,-78.92143245999999,192,4,102.36422923952341,75.62384796142578,0.2,0.5570407807826996,0.0003,0.113909912109375,0.031771522,3670,0.006518591815438413,-0.35713982942979783
81920,47.89,431,-78.89924197,189,5,99.6333788201213,42.658565521240234,0.2,0.5575844943523407,0.0003,0.1256103515625,0.04811712,3680,0.014766102396970382,-0.34408058593980967
98304,47.49,521,-79.80005715,188,6,95.44359019696712,52.79118347167969,0.2,0.570154070854187,0.0003,0.12001953125,0.018201135,3690,0.008957906192972587,-0.4614027121337131
114688,47.07,622,-78.74619316000002,184,7,89.99333988726139,40.728389739990234,0.2,0.5856370329856873,0.0003,0.146746826171875,0.028825952,3700,0.01225075712754915,-0.45774111490463837
16384,45.73,40,-80.69801355,404,1,95.98320319354534,58.66257095336914,0.2,0.5647335350513458,0.0003,0.133642578125,0.024783546,3710,0.008352583504165522,-0.4690254007931799
32768,46.59,134,-79.19051294,242,2,96.12476637810468,61.26022720336914,0.2,0.536782830953598,0.0003,0.139117431640625,0.031994652,3720,0.012561528135393019,-0.4475231305579655
49152,43.74,217,-80.74586991,226,3,97.35209490507842,52.32942199707031,0.2,0.5443292856216431,0.0003,0.137847900390625,0.032651838,3730,0.009907703032240534,-0.4751247350126505
65536,46.96,315,-77.87861316,207,4,105.32764433473349,59.1801872253418,0.2,0.5319721102714539,0.0003,0.13074951171875,0.025784785,3740,0.007013614373863675,-0.45447928956127726
81920,45.55,409,-81.43045732,200,5,93.40726413428783,47.70427703857422,0.2,0.5607141554355621,0.0003,0.14219970703125,0.04168573,3750,0.009942515661714424,-0.4710314116789959
98304,47.08,510,-80.58913481999998,192,6,92.74500733911991,57.47557067871094,0.2,0.5445389151573181,0.0003,0.133367919921875,0.020103805,3760,0.010803772527924593,-0.48762835913221353
114688,47.82,596,-78.47057089,192,7,92.30048720091581,56.63344955444336,0.2,0.5516540706157684,0.0003,0.140484619140625,0.048335012,3770,0.014801233876733022,-0.46357313575572334
