time/time_elapsed,rollout/ep_rew_mean,time/fps,time/total_timesteps,time/iterations,rollout/ep_len_mean,train/loss,train/clip_fraction,train/entropy_loss,train/clip_range,train/approx_kl,train/learning_rate,train/policy_gradient_loss,train/value_loss,train/explained_variance,train/n_updates
12,-99.31841544999999,1330,16384,1,28.91,,,,,,,,,,
43,-97.84138702000001,377,16384,1,27.82,112.54119110107422,0.11153564453125,-2.7243221399374304,0.2,0.008905677,0.0003,-0.008496053691033012,448.60230683088304,0.011442899703979492,10
48,-98.56456849,338,16384,1,28.12,24.613262176513672,0.123736572265625,-2.724956000316888,0.2,0.009280829,0.0003,-0.008575435399598064,56.71492204964161,0.7537742257118225,20
47,-98.24849226,348,16384,1,28.38,8.028189659118652,0.1103271484375,-2.723863619286567,0.2,0.008837819,0.0003,-0.008901622293069521,23.375263711810113,0.6316179633140564,30
37,-99.24019642000002,435,16384,1,28.07,8.11502456665039,0.109490966796875,-2.7256061754189433,0.2,0.009428469,0.0003,-0.009207908378266438,18.92598498314619,0.688021183013916,40
36,-99.44957898000001,444,16384,1,28.95,5.961994171142578,0.10780029296875,-2.7247979753650724,0.2,0.009294254,0.0003,-0.009108170583931496,21.574396134912966,0.6796916723251343,50
42,-96.42464090000001,385,16384,1,27.24,8.89852237701416,0.111651611328125,-2.7205361274071036,0.2,0.009733327,0.0003,-0.010018828301053873,19.23944534882903,0.7144010066986084,60
40,-97.36738688,399,16384,1,26.89,10.854262351989746,0.1127197265625,-2.7209431792609395,0.2,0.010160822,0.0003,-0.009983162401726985,19.664768650196493,0.7062306702136993,70
38,-97.38494593000001,430,16384,1,27.57,7.995258331298828,0.118231201171875,-2.721374234743416,0.2,0.009765547,0.0003,-0.01021673069562894,17.54046350475401,0.7338820695877075,80
37,-98.08953845999999,442,16384,1,27.57,11.00368881225586,0.11185302734375,-2.717995998635888,0.2,0.00995452,0.0003,-0.010179100632194604,19.320173078589143,0.713575929403305,90
35,-98.78138824,467,16384,1,28.7,7.311983108520508,0.118902587890625,-2.716393575631082,0.2,0.009662036,0.0003,-0.010595364332311874,17.92464672047645,0.7227893471717834,100
33,-99.36486492,493,16384,1,27.17,5.954246997833252,0.11817626953125,-2.715531710721552,0.2,0.01012147,0.0003,-0.010065769052425821,18.240708925016225,0.7216317057609558,110
36,-95.80293795,451,16384,1,29.02,12.096209526062012,0.11552734375,-2.7148136938922107,0.2,0.009652885,0.0003,-0.009826813233303255,19.99441525936127,0.7004201114177704,120
36,-98.63786132000001,451,16384,1,28.07,12.288849830627441,0.116668701171875,-2.7157461417838933,0.2,0.009333946,0.0003,-0.010731779116122197,22.716538543999196,0.674284428358078,130
33,-96.30129780000001,493,16384,1,27.0,10.53995418548584,0.114990234375,-2.710907808598131,0.2,0.00990233,0.0003,-0.010227746754299005,20.39982877112925,0.698427677154541,140
34,-98.63701853999999,479,16384,1,27.32,8.876391410827637,0.1183837890625,-2.7084062203764914,0.2,0.009850295,0.0003,-0.010205887177880868,21.355938097648323,0.685880035161972,150
36,-96.88136935,443,16384,1,26.63,15.065629959106445,0.116094970703125,-2.7055054074153304,0.2,0.010249807,0.0003,-0.010778878066139442,19.556678096018732,0.7015814781188965,160
34,-99.8468649,479,16384,1,29.0,10.926088333129883,0.130999755859375,-2.70475688399747,0.2,0.01099376,0.0003,-0.012259015907966386,19.148699238337578,0.7287092506885529,170
35,-96.91719165000002,466,16384,1,28.39,6.751589775085449,0.122955322265625,-2.7016422605141996,0.2,0.009760439,0.0003,-0.01116000035808611,16.040002799592912,0.7576178312301636,180
36,-98.21551717,446,16384,1,29.17,6.646905422210693,0.1238525390625,-2.699748688004911,0.2,0.010687623,0.0003,-0.012592351250259527,18.50391700807959,0.7222769856452942,190
33,-96.83854499,489,16384,1,28.88,10.742227554321289,0.118719482421875,-2.696006634272635,0.2,0.010011135,0.0003,-0.010490028595631884,23.89335902184248,0.6788879930973053,200
36,-96.53715930999999,449,16384,1,29.08,14.086092948913574,0.13477783203125,-2.6948267348110675,0.2,0.010884581,0.0003,-0.0124844803815904,20.08302689921111,0.7139599025249481,210
36,-97.88176757000001,449,16384,1,28.12,12.799025535583496,0.125079345703125,-2.691420554649085,0.2,0.00982463,0.0003,-0.012125520700465131,20.195869019813834,0.7212671637535095,220
35,-95.98369072999999,463,16384,1,29.19,23.443696975708008,0.11474609375,-2.690874542389065,0.2,0.010030251,0.0003,-0.011516355344701879,21.89463754557073,0.7130487859249115,230
33,-95.22694975,494,16384,1,30.01,9.99409294128418,0.11973876953125,-2.690326617844403,0.2,0.010611088,0.0003,-0.012540471283864462,21.926699878647923,0.7015917599201202,240
37,-95.77325610999998,438,16384,1,29.16,5.346067428588867,0.127972412109375,-2.6877157701179386,0.2,0.010843758,0.0003,-0.012393931175665784,23.909234795719385,0.6791287958621979,250
33,-97.23638867,489,16384,1,31.1,9.749468803405762,0.13038330078125,-2.6861759673804046,0.2,0.010619494,0.0003,-0.011672614990675356,20.00150872152299,0.7355210781097412,260
34,-95.12041771999999,481,16384,1,29.23,16.851015090942383,0.138323974609375,-2.6789566076360645,0.2,0.012200856,0.0003,-0.013548366328222983,26.320595498383046,0.6548050343990326,270
37,-93.63913427,442,16384,1,30.14,12.362421989440918,0.12716064453125,-2.6763187128119172,0.2,0.010319533,0.0003,-0.012371252459161042,21.745997647568583,0.7241065204143524,280
37,-96.84379146,434,16384,1,29.12,17.418073654174805,0.12265625,-2.674891225248575,0.2,0.010618197,0.0003,-0.012370761251258956,27.204033190384507,0.6557437181472778,290
34,-96.45323076999999,472,16384,1,30.86,21.59246063232422,0.131036376953125,-2.67060380699113,0.2,0.010758276,0.0003,-0.012666277647713286,32.56186122186482,0.6093485653400421,300
35,-96.68476194,462,16384,1,30.23,12.063304901123047,0.1222412109375,-2.6663879939354955,0.2,0.010461637,0.0003,-0.011855424594341458,28.40927208662033,0.6700189411640167,310
36,-95.54850351,453,16384,1,30.98,13.667863845825195,0.129534912109375,-2.6658710464835167,0.2,0.010897838,0.0003,-0.013176341281450732,26.91460469737649,0.6954671144485474,320
31,-96.76335721,528,16384,1,30.83,16.317874908447266,0.122796630859375,-2.665085369441658,0.2,0.010797024,0.0003,-0.011374969126973156,26.60478436462581,0.7064779996871948,330
33,-95.44580677999998,491,16384,1,31.47,12.741888999938965,0.12579345703125,-2.660336998756975,0.2,0.010784666,0.0003,-0.012581318185766577,29.01268866211176,0.6904249489307404,340
36,-93.71668338,448,16384,1,32.13,12.607221603393555,0.13717041015625,-2.6535539412871003,0.2,0.011301564,0.0003,-0.012775355494795804,32.15780949778855,0.6683657169342041,350
35,-93.85676281,463,16384,1,29.65,18.95501136779785,0.130010986328125,-2.647135727573186,0.2,0.011282466,0.0003,-0.012638001214281758,34.98793228380382,0.6553307473659515,360
34,-94.67615900999998,470,16384,1,31.32,19.137012481689453,0.129791259765625,-2.64336898541078,0.2,0.011044044,0.0003,-0.01260368169296271,37.867368404567245,0.6562549471855164,370
36,-96.24725958000003,446,16384,1,31.4,14.010337829589844,0.12999267578125,-2.639646983798593,0.2,0.010820381,0.0003,-0.011332146946006105,34.2870306968689,0.6649676561355591,380
37,-93.02412113999999,440,16384,1,29.2,16.984519958496094,0.1323974609375,-2.634870456717908,0.2,0.0106742475,0.0003,-0.012110885253059677,33.82054436318576,0.6829849779605865,390
35,-94.24781565,467,16384,1,30.29,15.581319808959961,0.1306884765625,-2.634657117072493,0.2,0.011014469,0.0003,-0.011106967236537457,36.12785431928933,0.6672442555427551,400
34,-92.77436254999999,481,16384,1,30.31,23.31163215637207,0.124261474609375,-2.6273158651776614,0.2,0.010819942,0.0003,-0.011001610775565496,38.568412040546534,0.6661249399185181,410
34,-93.26473308000003,469,16384,1,31.84,22.973793029785156,0.11805419921875,-2.624608913715929,0.2,0.01024501,0.0003,-0.010924928385793464,41.40437566265464,0.6452507376670837,420
37,-93.87773591999998,442,16384,1,29.79,26.73914909362793,0.125799560546875,-2.624051591567695,0.2,0.010554701,0.0003,-0.012441315195610514,44.81365280598402,0.6460092663764954,430
34,-93.19729329,479,16384,1,30.75,19.807811737060547,0.13966064453125,-2.625796658266336,0.2,0.011532923,0.0003,-0.012209153025287378,41.70730200335383,0.6514320969581604,440
33,-92.35684527,489,16384,1,33.86,25.791311264038086,0.13759765625,-2.6205789546482263,0.2,0.011545824,0.0003,-0.012735621015417564,32.243093606829646,0.7267152965068817,450
35,-92.28417895000001,464,16384,1,31.2,17.644023895263672,0.128619384765625,-2.61197296846658,0.2,0.011103187,0.0003,-0.011245641646110017,40.757976522296666,0.6556534469127655,460
35,-93.14869221999997,463,16384,1,31.0,21.94292640686035,0.1345947265625,-2.6076512970030308,0.2,0.0112626515,0.0003,-0.011233533842732868,46.016449947655204,0.6382293403148651,470
33,-92.02413037999999,487,16384,1,31.03,20.44692611694336,0.135296630859375,-2.6050708018243314,0.2,0.010723347,0.0003,-0.012368705649896583,46.459044832736254,0.6360710859298706,480
35,-92.98110950999998,460,16384,1,31.94,21.200298309326172,0.136126708984375,-2.601984967570752,0.2,0.011306701,0.0003,-0.012403873608582217,49.70979134067893,0.6224074065685272,490
34,-93.68748042000001,476,16384,1,34.15,35.32160186767578,0.13028564453125,-2.603924365155399,0.2,0.010835851,0.0003,-0.010827136439547757,45.27963571697474,0.6501197814941406,500
33,-91.31049923,482,16384,1,33.19,19.61798858642578,0.134228515625,-2.597517118882388,0.2,0.010834637,0.0003,-0.011694766478012753,52.109142023324964,0.5906845331192017,510
34,-91.10592759999997,476,16384,1,33.52,19.028535842895508,0.14505615234375,-2.593890419229865,0.2,0.011986133,0.0003,-0.012863338588522311,58.502778926491736,0.6045582294464111,520
33,-92.16810358999999,487,16384,1,32.26,26.599029541015625,0.135809326171875,-2.5957295559346676,0.2,0.010768905,0.0003,-0.011840425179161684,59.90164363011718,0.5907626748085022,530
30,-90.49237099,542,16384,1,35.09,26.973434448242188,0.137445068359375,-2.5884840074926614,0.2,0.0106900865,0.0003,-0.012143276059578056,56.866694308072326,0.5941692292690277,540
35,-90.83818842999999,464,16384,1,33.08,29.946130752563477,0.134759521484375,-2.5864403418265285,0.2,0.012116414,0.0003,-0.011627888100883865,64.98988076299429,0.5737408101558685,550
30,-93.31973704000002,530,16384,1,33.5,26.19209098815918,0.131170654296875,-2.5887591361999513,0.2,0.010787372,0.0003,-0.01168306690051395,57.456828656047584,0.6200927495956421,560
34,-90.52773357999999,471,16384,1,34.16,27.855520248413086,0.1291748046875,-2.5903819828294217,0.2,0.0109502375,0.0003,-0.011615315800645476,57.97347493544221,0.6070912182331085,570
38,-90.04257608,429,16384,1,33.8,29.63968276977539,0.1344482421875,-2.5824780909344556,0.2,0.011478508,0.0003,-0.011496492060177842,64.73493757098913,0.57574063539505,580
33,-90.51893676,493,16384,1,34.87,21.34307098388672,0.136383056640625,-2.5744505785405636,0.2,0.010883044,0.0003,-0.011395789139805856,61.08191268742085,0.6316648423671722,590
34,-89.52503138999998,479,16384,1,33.26,30.99382209777832,0.130877685546875,-2.575188295915723,0.2,0.011440016,0.0003,-0.011325487625640562,75.86577351093293,0.5626786947250366,600
40,-91.62466062999998,409,16384,1,33.08,47.66518020629883,0.127337646484375,-2.5786772896535695,0.2,0.011316148,0.0003,-0.010518079498342558,76.9059710919857,0.5703748762607574,610
35,-89.49373963999997,466,16384,1,33.06,30.82487678527832,0.136920166015625,-2.5855874443426727,0.2,0.011165826,0.0003,-0.011178260404540197,64.1628534808755,0.6242725253105164,620
34,-91.12649113999998,469,16384,1,34.72,25.958383560180664,0.131878662109375,-2.5743230001069604,0.2,0.011130431,0.0003,-0.011817365089518717,70.57799764424563,0.5574629008769989,630
36,-91.45259689999999,455,16384,1,37.26,41.222625732421875,0.126751708984375,-2.5667704407125713,0.2,0.010174302,0.0003,-0.011608524048369873,80.6708333492279,0.5405676960945129,640
39,-90.07692873999999,413,16384,1,33.74,32.99013900756836,0.140252685546875,-2.5671027299948035,0.2,0.011865817,0.0003,-0.0130698263837985,83.31776054054498,0.5948903858661652,650
33,-90.33201794,492,16384,1,36.29,52.1872444152832,0.1416748046875,-2.559233817178756,0.2,0.01121661,0.0003,-0.013478756974564021,89.53634347766638,0.5781310200691223,660
35,-88.06926731999998,463,16384,1,36.55,40.26836013793945,0.133172607421875,-2.555145986471325,0.2,0.011303969,0.0003,-0.01189777194836097,96.65064432621003,0.5542464256286621,670
36,-87.73786275999998,453,16384,1,35.78,64.002197265625,0.128045654296875,-2.5520553306676446,0.2,0.011109658,0.0003,-0.011214850417945853,93.81980767548085,0.5722464025020599,680
33,-89.89276976000001,483,16384,1,35.08,50.71345520019531,0.135382080078125,-2.5517612863332033,0.2,0.011450888,0.0003,-0.011986273491220344,101.02713867127895,0.5682762265205383,690
34,-84.83227713999999,472,16384,1,37.85,52.042022705078125,0.130511474609375,-2.5489918413572012,0.2,0.011514968,0.0003,-0.011700133347858355,108.19364707171917,0.5699424147605896,700
35,-85.43927240000002,458,16384,1,35.94,46.675819396972656,0.122235107421875,-2.539696228504181,0.2,0.010689825,0.0003,-0.00990979823491216,118.79037344306707,0.5611387193202972,710
37,-87.90141060999999,440,16384,1,36.94,64.35192108154297,0.127630615234375,-2.536388377379626,0.2,0.011575958,0.0003,-0.012411423270714294,123.21433368623256,0.5372522175312042,720
35,-85.09728269999998,467,16384,1,40.5,43.51625442504883,0.13175048828125,-2.538306003343314,0.2,0.011023572,0.0003,-0.01242003467386894,118.26959738880396,0.5736922025680542,730
34,-82.7897912,477,16384,1,38.97,56.37879180908203,0.131390380859375,-2.5273149378597735,0.2,0.011391707,0.0003,-0.012202136941596109,131.1831345781684,0.5463635623455048,740
36,-85.69459243,445,16384,1,36.72,71.2891845703125,0.126995849609375,-2.5199664726853372,0.2,0.010507191,0.0003,-0.011757612885321577,141.60003956854342,0.5618911981582642,750
34,-82.09839635999998,481,16384,1,41.33,68.75520324707031,0.1353759765625,-2.5173489949665964,0.2,0.011344995,0.0003,-0.013409251198481797,149.37484406530857,0.5653820037841797,760
34,-86.44926964,476,16384,1,37.19,78.8799057006836,0.125738525390625,-2.5196847304701806,0.2,0.010329221,0.0003,-0.011839968236381537,149.6530197829008,0.5676582455635071,770
33,-78.50109678000001,490,16384,1,42.97,83.62007141113281,0.132232666015625,-2.5091128504835067,0.2,0.010965469,0.0003,-0.012891091078563477,153.22645186781884,0.5699790716171265,780
33,-79.70547498,490,16384,1,44.18,76.144775390625,0.131536865234375,-2.5014442752115427,0.2,0.011169691,0.0003,-0.013332794005737014,158.10552571117879,0.5788791179656982,790
34,-77.55859155,475,16384,1,43.6,80.92430877685547,0.129034423828125,-2.5023255669511855,0.2,0.010795821,0.0003,-0.012009601726185792,172.89192300438881,0.576941967010498,800
37,-80.37059969,434,16384,1,41.87,74.73604583740234,0.131085205078125,-2.497533716727048,0.2,0.010612758,0.0003,-0.011738613128363795,157.25222680568694,0.5943530201911926,810
34,-79.27325456,473,16384,1,40.62,65.85210418701172,0.1264404296875,-2.4934733316302298,0.2,0.010624169,0.0003,-0.012618823959746806,159.39817217290403,0.6025606989860535,820
33,-82.09303009,491,16384,1,40.97,62.97528839111328,0.127557373046875,-2.490900577325374,0.2,0.010928163,0.0003,-0.01209282449890452,154.60999157726764,0.5971030294895172,830
37,-78.12236528000001,434,16384,1,43.72,86.57320404052734,0.128759765625,-2.4905445407144726,0.2,0.01124062,0.0003,-0.013059537336039284,169.41869350075723,0.5818953812122345,840
35,-77.3893419,460,16384,1,45.97,97.16199493408203,0.128936767578125,-2.483284892886877,0.2,0.010920424,0.0003,-0.011111832778806275,157.44662917256355,0.6034141480922699,850
35,-80.50247875,466,16384,1,44.56,80.28252410888672,0.1369873046875,-2.480889274831861,0.2,0.01099029,0.0003,-0.012508399873513553,168.9362757027149,0.610517680644989,860
37,-73.59648624,441,16384,1,47.96,104.33381652832031,0.13370361328125,-2.4723383084870876,0.2,0.010810673,0.0003,-0.011960535566777253,180.39883407354355,0.6052292287349701,870
34,-69.97838344,478,16384,1,48.88,95.16976928710938,0.14091796875,-2.464391069766134,0.2,0.010852554,0.0003,-0.012757681269613385,200.31843580305576,0.60357466340065,880
34,-75.79061589,480,16384,1,46.84,67.03767395019531,0.1324462890625,-2.4621189000084995,0.2,0.010967148,0.0003,-0.012117274411230028,207.75212444365025,0.6121215224266052,890
37,-72.79011218000001,434,16384,1,46.57,93.44960021972656,0.129913330078125,-2.4627986286766825,0.2,0.011356346,0.0003,-0.012607399822991283,232.74053777456282,0.6005043983459473,900
36,-72.42274698,445,16384,1,48.94,95.68447875976562,0.140789794921875,-2.459784257039428,0.2,0.011393035,0.0003,-0.013385219710289675,229.8700493067503,0.628513365983963,910
31,-72.70583377,514,16384,1,47.82,69.86223602294922,0.128582763671875,-2.4517949083819985,0.2,0.0110251745,0.0003,-0.012708372320048511,224.8627550125122,0.633033812046051,920
31,-77.84695542,525,16384,1,44.43,93.78155517578125,0.130096435546875,-2.449982619099319,0.2,0.011058461,0.0003,-0.012439650805208657,221.76958931684493,0.658134937286377,930
37,-71.10922915,436,16384,1,48.69,68.80997467041016,0.145526123046875,-2.450366969872266,0.2,0.012075342,0.0003,-0.01276807231888597,210.47117779254913,0.6556822955608368,940
35,-73.49104796,466,16384,1,45.84,92.7720718383789,0.1298583984375,-2.443012958671898,0.2,0.011053038,0.0003,-0.01143007571272392,235.48156362473964,0.6267693042755127,950
31,-68.03006192,524,16384,1,51.06,139.9065704345703,0.141265869140625,-2.4396682375110688,0.2,0.011464271,0.0003,-0.01341803866907867,234.48118844926358,0.6383015513420105,960
35,-65.03433027,456,16384,1,54.15,114.43553161621094,0.135498046875,-2.437259917333722,0.2,0.011806188,0.0003,-0.013007054087847792,247.98893090784549,0.6479001045227051,970
36,-64.48232852000001,446,16384,1,51.53,85.09627532958984,0.145458984375,-2.422642657533288,0.2,0.011773341,0.0003,-0.012930931995288119,207.04925121665002,0.691909670829773,980
33,-66.93651866999998,486,16384,1,53.7,85.18563079833984,0.13941650390625,-2.4185280540958045,0.2,0.011627758,0.0003,-0.01201449994896393,241.3698099434376,0.673553466796875,990
34,-69.26485786999999,470,16384,1,51.21,79.76683807373047,0.14105224609375,-2.4113752942532303,0.2,0.011765088,0.0003,-0.01319900920798318,224.31140582859516,0.6788624227046967,1000
38,-70.54515753,426,16384,1,51.36,83.29698181152344,0.14031982421875,-2.4052404526621105,0.2,0.011990701,0.0003,-0.012768563856479887,242.57623197734355,0.6770251989364624,1010
36,-60.10279068,448,16384,1,56.53,129.79388427734375,0.14215087890625,-2.3990324730984867,0.2,0.011773735,0.0003,-0.012252465422534442,244.1009658664465,0.6723937690258026,1020
34,-58.652319860000006,470,16384,1,58.62,87.20185852050781,0.131781005859375,-2.395288017485291,0.2,0.011210609,0.0003,-0.011702899391093525,246.75078752040864,0.6766579449176788,1030
34,-59.581052629999995,474,16384,1,56.25,135.23959350585938,0.149212646484375,-2.381402824539691,0.2,0.011854045,0.0003,-0.013206537064434087,255.73662693500518,0.6718587875366211,1040
37,-62.12978553000001,440,16384,1,55.76,118.18150329589844,0.147296142578125,-2.3806741340085864,0.2,0.011846315,0.0003,-0.012395802276205358,256.4985100865364,0.6820105016231537,1050
31,-60.50537276000001,516,16384,1,55.54,155.96792602539062,0.14892578125,-2.3764361794106663,0.2,0.012230379,0.0003,-0.013757045192869554,270.2809619426727,0.6662572622299194,1060
33,-56.72274381000001,490,16384,1,56.13,87.42327880859375,0.144970703125,-2.369295486994088,0.2,0.012197848,0.0003,-0.012998810671433603,262.85814599394797,0.6850778460502625,1070
38,-59.901324830000014,429,16384,1,54.79,133.58815002441406,0.13275146484375,-2.371527476236224,0.2,0.011210732,0.0003,-0.011303221109665173,260.5605247855186,0.698418378829956,1080
34,-51.33359465,471,16384,1,55.56,118.99515533447266,0.142059326171875,-2.3627921911887824,0.2,0.011842368,0.0003,-0.012748185238160658,280.01610784828665,0.6734083890914917,1090
35,-56.04866852,466,16384,1,59.69,169.11378479003906,0.150994873046875,-2.3557597558945416,0.2,0.01261984,0.0003,-0.013168316077280907,268.84968194663526,0.704969584941864,1100
35,-48.100450540000004,455,16384,1,63.55,185.68019104003906,0.1352783203125,-2.3539209017530083,0.2,0.011273166,0.0003,-0.011614666547484376,291.30487106740475,0.6670615673065186,1110
35,-52.08903989999999,457,16384,1,63.78,182.36737060546875,0.140277099609375,-2.348859280254692,0.2,0.011639914,0.0003,-0.011452838177956438,274.3317281931639,0.6932630240917206,1120
33,-56.46561037000001,489,16384,1,58.92,141.04408264160156,0.151324462890625,-2.3469907900318505,0.2,0.011906609,0.0003,-0.012616832798357791,285.9741564303637,0.6935994327068329,1130
33,-52.856642539999996,485,16384,1,61.48,82.72660064697266,0.142327880859375,-2.3422659395262597,0.2,0.011351796,0.0003,-0.0111798410080155,291.1855975329876,0.6664592027664185,1140
35,-46.887452129999986,467,16384,1,64.78,121.49288177490234,0.144171142578125,-2.3402212443761528,0.2,0.011286827,0.0003,-0.012008266300563264,242.7567343145609,0.7026947736740112,1150
31,-48.641031149999996,519,16384,1,61.64,93.66437530517578,0.145166015625,-2.3349587832577527,0.2,0.011958409,0.0003,-0.012692046534903056,251.51167686879634,0.6846915781497955,1160
35,-53.29664179999999,467,16384,1,56.17,103.23886108398438,0.149786376953125,-2.329204852785915,0.2,0.01233157,0.0003,-0.012699067465928238,259.0782618582249,0.7183105051517487,1170
38,-49.827461189999994,424,16384,1,61.7,192.55043029785156,0.145294189453125,-2.3288925254717467,0.2,0.01187953,0.0003,-0.012385616930760079,280.60566304922105,0.7072990834712982,1180
32,-51.652938219999996,506,16384,1,58.76,166.61505126953125,0.153509521484375,-2.3277626736089587,0.2,0.012270255,0.0003,-0.01255017661205784,269.1369688123465,0.7115685641765594,1190
33,-36.722874329999996,482,16384,1,67.9,139.83412170410156,0.149725341796875,-2.3232944261282684,0.2,0.011641435,0.0003,-0.01213177860763608,269.76682444512846,0.7202516198158264,1200
37,-42.64287493999999,436,16384,1,64.28,109.52910614013672,0.13531494140625,-2.313659312855452,0.2,0.011536003,0.0003,-0.010894109826949716,290.0360190272331,0.7247744202613831,1210
33,-50.53857474,490,16384,1,61.95,132.90968322753906,0.14453125,-2.30216467063874,0.2,0.01163321,0.0003,-0.010407962278623017,269.40255356132985,0.7349065244197845,1220
33,-47.28417884,486,16384,1,61.97,142.81309509277344,0.153021240234375,-2.2947653150185943,0.2,0.012641097,0.0003,-0.012440577181951084,268.40518026053905,0.734978586435318,1230
37,-47.35572149000001,437,16384,1,61.35,91.88568115234375,0.1447509765625,-2.297944082506001,0.2,0.011401856,0.0003,-0.010836323146213545,236.32811271250247,0.7714884281158447,1240
35,-45.24259979999999,458,16384,1,62.21,179.0460205078125,0.1558837890625,-2.282812830619514,0.2,0.012006996,0.0003,-0.01249669638409614,240.66965926289558,0.7752930521965027,1250
30,-41.73754068,541,16384,1,66.71,107.38597869873047,0.15048828125,-2.288878010306507,0.2,0.011999309,0.0003,-0.011780650929904369,276.0737613320351,0.7389905154705048,1260
34,-46.58258452,475,16384,1,63.19,158.2318572998047,0.16375732421875,-2.280568799097091,0.2,0.012600254,0.0003,-0.011627377538979999,262.43342316746714,0.7461992800235748,1270
38,-46.05299206000001,427,16384,1,63.04,121.44662475585938,0.15240478515625,-2.283197047468275,0.2,0.011842562,0.0003,-0.011014325449286844,309.9390214830637,0.695294052362442,1280
33,-36.99064149,485,16384,1,66.81,127.31494903564453,0.152911376953125,-2.266398155037314,0.2,0.012042586,0.0003,-0.012506086575103836,287.6445171624422,0.7291437685489655,1290
34,-36.40501762,481,16384,1,68.63,175.23171997070312,0.138592529296875,-2.2740277385339143,0.2,0.011869099,0.0003,-0.010371207891876112,293.7877688974142,0.7336077392101288,1300
35,-39.96190918,467,16384,1,63.72,129.40843200683594,0.154986572265625,-2.2690102278254924,0.2,0.01241233,0.0003,-0.012303292526394217,285.92013769447806,0.7485691905021667,1310
34,-36.54192394,480,16384,1,66.6,135.23098754882812,0.1553466796875,-2.2678023762069643,0.2,0.012764352,0.0003,-0.011845348196402483,299.52561273574827,0.735145092010498,1320
31,-43.62570925000001,514,16384,1,63.96,212.9620361328125,0.14632568359375,-2.2687697920016943,0.2,0.011710442,0.0003,-0.010688834000939096,317.27886394560335,0.738178163766861,1330
35,-32.636606459999996,463,16384,1,65.75,126.20689392089844,0.156097412109375,-2.252036071475595,0.2,0.01215923,0.0003,-0.011661493829160463,291.6528248488903,0.7441267371177673,1340
36,-37.66474477,445,16384,1,67.73,102.73187255859375,0.1578125,-2.254748949315399,0.2,0.01241838,0.0003,-0.01214422382745397,309.55356646180155,0.7430984079837799,1350
30,-35.83313633,533,16384,1,66.87,75.09532165527344,0.1512451171875,-2.250228222552687,0.2,0.012179298,0.0003,-0.01194295025361498,301.6408216506243,0.7629913240671158,1360
30,-33.25347689999999,536,16384,1,69.86,161.5784912109375,0.1526611328125,-2.251615450065583,0.2,0.012493286,0.0003,-0.012123739665685206,296.29823019206526,0.7653298377990723,1370
37,-42.559290020000006,439,16384,1,63.26,144.0619354248047,0.158441162109375,-2.2438217720016835,0.2,0.013229697,0.0003,-0.01195245651579171,318.4293306529522,0.7398717999458313,1380
33,-23.101252099999996,483,16384,1,69.5,204.70220947265625,0.158355712890625,-2.238989557698369,0.2,0.01194274,0.0003,-0.01142371946179992,312.8688224941492,0.741572767496109,1390
34,-24.3853121,480,16384,1,70.69,120.50337219238281,0.155120849609375,-2.237728965561837,0.2,0.012178232,0.0003,-0.011739306482741085,313.1946633130312,0.750685840845108,1400
37,-26.124684619999996,432,16384,1,71.15,81.83361053466797,0.15535888671875,-2.2234339341521263,0.2,0.012248766,0.0003,-0.01162520055386267,328.1334952533245,0.743465006351471,1410
35,-17.153924760000002,462,16384,1,75.56,188.51402282714844,0.14932861328125,-2.223432024847716,0.2,0.012380606,0.0003,-0.011650449487933656,326.2459249138832,0.738701194524765,1420
34,-13.44534668,477,16384,1,75.05,164.9089813232422,0.153692626953125,-2.2100458000786602,0.2,0.012204594,0.0003,-0.010139284670276538,322.3973867624998,0.7377259135246277,1430
37,-25.411589909999996,440,16384,1,70.85,79.31594848632812,0.158197021484375,-2.2063276653178034,0.2,0.012014381,0.0003,-0.011682684854895342,295.06639512777326,0.753996729850769,1440
36,-24.022100490000003,444,16384,1,71.23,143.19461059570312,0.1501953125,-2.2006502959877254,0.2,0.011759558,0.0003,-0.011514957633517042,319.5901358991861,0.7645555883646011,1450
32,-18.636817410000003,498,16384,1,74.12,180.38404846191406,0.1607177734375,-2.194166055507958,0.2,0.012094613,0.0003,-0.011898673818723182,301.8876316279173,0.7716966718435287,1460
34,-18.072107440000003,479,16384,1,72.2,101.8643798828125,0.151220703125,-2.1922976817004383,0.2,0.011660561,0.0003,-0.010699591248339857,322.6470716953278,0.7633656114339828,1470
37,-29.52928773,436,16384,1,67.7,156.1446990966797,0.15059814453125,-2.186980061326176,0.2,0.012390029,0.0003,-0.011641028168924095,391.12483052015307,0.7183723449707031,1480
35,-19.59292823,467,16384,1,71.47,136.05380249023438,0.15509033203125,-2.178768736962229,0.2,0.011600224,0.0003,-0.011317400490042928,344.8250084966421,0.7410072982311249,1490
32,-19.098314860000002,499,16384,1,73.62,122.29596710205078,0.15726318359375,-2.180489267874509,0.2,0.0127312485,0.0003,-0.011359732683558832,287.5524477273226,0.7851217687129974,1500
37,-17.814484280000002,442,16384,1,71.45,192.6016082763672,0.155670166015625,-2.1673305621370673,0.2,0.011924234,0.0003,-0.010928783527015184,349.01312413215635,0.7531795352697372,1510
38,-21.623423839999997,428,16384,1,70.8,267.63568115234375,0.1537109375,-2.1677205059677362,0.2,0.012337208,0.0003,-0.011340036600586245,343.946387141943,0.7523777186870575,1520
30,-10.37408659,534,16384,1,73.75,164.0203094482422,0.151092529296875,-2.1636000966653226,0.2,0.011998903,0.0003,-0.010812025335144426,338.5368729412556,0.7530340403318405,1530
38,-12.53900279,425,16384,1,72.56,133.13507080078125,0.161480712890625,-2.1562598823569714,0.2,0.012465921,0.0003,-0.012025489468805972,318.59278229177,0.7572372853755951,1540
38,-2.563609219999999,431,16384,1,74.4,223.51287841796875,0.150640869140625,-2.1552210033871235,0.2,0.012271363,0.0003,-0.01084346910347449,366.2795817553997,0.7390525043010712,1550
32,-10.720746870000003,498,16384,1,73.28,132.8826141357422,0.1453857421875,-2.156674552336335,0.2,0.012103965,0.0003,-0.0113024515440884,355.99651156663896,0.7405096888542175,1560
32,1.48382896,497,16384,1,75.17,186.90606689453125,0.161859130859375,-2.151766423601657,0.2,0.012983187,0.0003,-0.013073918068312197,353.7296757757664,0.7319251596927643,1570
36,-4.470054859999999,446,16384,1,72.7,182.05438232421875,0.148944091796875,-2.15400487491861,0.2,0.012412239,0.0003,-0.010281162243518337,395.837533468008,0.719552218914032,1580
37,4.923714960000001,440,16384,1,78.91,233.30862426757812,0.150604248046875,-2.1615797337144613,0.2,0.011874257,0.0003,-0.010794215087389602,371.09252230525016,0.734330803155899,1590
35,-7.22164742,460,16384,1,69.96,225.43898010253906,0.160687255859375,-2.154970103036612,0.2,0.012391133,0.0003,-0.012212144841851114,352.653689455986,0.7421591281890869,1600
34,-4.338654580000002,476,16384,1,74.16,162.76158142089844,0.1540283203125,-2.1509783825837077,0.2,0.012911754,0.0003,-0.011780839234052109,407.9177105277777,0.7207899391651154,1610
33,14.138172699999998,492,16384,1,81.2,284.5168762207031,0.160882568359375,-2.1369389197789133,0.2,0.012476886,0.0003,-0.010820074526873214,372.06199807524683,0.7419054806232452,1620
37,-8.775208499999998,438,16384,1,69.44,284.7763366699219,0.1667724609375,-2.1384299149736763,0.2,0.012644274,0.0003,-0.012050933838236234,333.30129539370535,0.7737647444009781,1630
34,-13.31569145,471,16384,1,73.08,177.7694091796875,0.156591796875,-2.1462337717413904,0.2,0.012636503,0.0003,-0.011100160876139853,413.8540560781956,0.7358311414718628,1640
33,9.67476406,487,16384,1,77.1,174.9570770263672,0.155072021484375,-2.14378804480657,0.2,0.012225853,0.0003,-0.011569252196204615,391.66944789290426,0.7497542500495911,1650
35,19.76371508,456,16384,1,78.96,198.15682983398438,0.151531982421875,-2.1428554469719527,0.2,0.012366334,0.0003,-0.01016355301853764,368.15519363284113,0.7427887618541718,1660
37,17.022259549999998,438,16384,1,80.02,180.6400604248047,0.147955322265625,-2.1306317484006287,0.2,0.01181785,0.0003,-0.010565957329822595,399.7845799744129,0.7202066481113434,1670
34,0.5144668199999995,481,16384,1,73.47,172.13421630859375,0.16005859375,-2.13509769057855,0.2,0.011695445,0.0003,-0.010508904622474802,361.4185493171215,0.7297971844673157,1680
34,-2.3311490200000016,478,16384,1,70.87,139.218994140625,0.1545166015625,-2.1306911366060377,0.2,0.012370309,0.0003,-0.010582826168683824,433.6694462239742,0.7270664274692535,1690
37,-2.83378489,433,16384,1,70.63,174.26866149902344,0.149688720703125,-2.1277411229908467,0.2,0.012220797,0.0003,-0.010565158737972525,385.41469702124596,0.7607394009828568,1700
33,9.384858260000001,493,16384,1,74.82,267.2378845214844,0.14755859375,-2.127353717572987,0.2,0.0116346,0.0003,-0.010483288351133524,415.49270707666875,0.7282588481903076,1710
31,-9.0360186,512,16384,1,73.06,146.2753143310547,0.15447998046875,-2.125147952605039,0.2,0.011777634,0.0003,-0.010891835495567648,372.5054892897606,0.7506450861692429,1720
35,1.5642329199999991,462,16384,1,74.86,135.67312622070312,0.16578369140625,-2.1293619888834656,0.2,0.012807321,0.0003,-0.011987227787449229,323.79669950306413,0.7884441316127777,1730
34,2.6486893400000007,477,16384,1,76.27,109.30762481689453,0.15245361328125,-2.123947345931083,0.2,0.012228353,0.0003,-0.00978196521245991,312.1680797308683,0.7801948636770248,1740
32,-0.6262770700000011,508,16384,1,75.38,82.18184661865234,0.16512451171875,-2.1185617301613093,0.2,0.012871919,0.0003,-0.01163094139255918,312.8292965203524,0.7891173362731934,1750
33,-0.2702345999999991,486,16384,1,73.16,125.96392059326172,0.153668212890625,-2.1093797966837884,0.2,0.01177159,0.0003,-0.010168323471680197,341.4593307614326,0.7767408639192581,1760
36,2.7608176400000013,454,16384,1,74.24,130.4842529296875,0.14822998046875,-2.112888683471829,0.2,0.012248689,0.0003,-0.009973768219242628,387.00550078749654,0.7675556689500809,1770
33,26.306713029999997,485,16384,1,80.57,154.66355895996094,0.16790771484375,-2.106015557795763,0.2,0.01279865,0.0003,-0.011367399341088458,333.46323139369485,0.7935117781162262,1780
32,24.636763640000005,504,16384,1,82.66,92.65885162353516,0.16331787109375,-2.1039748718962072,0.2,0.012772857,0.0003,-0.011848597012431128,307.7537248522043,0.7739932686090469,1790
35,8.825151960000001,463,16384,1,75.51,169.2335968017578,0.163690185546875,-2.0901736193336546,0.2,0.012662321,0.0003,-0.010764274339271651,277.52046021223066,0.798393040895462,1800
33,21.97874892,487,16384,1,78.86,112.46893310546875,0.156817626953125,-2.0987888826057315,0.2,0.011912135,0.0003,-0.010860305290498218,326.77721745967864,0.7906431555747986,1810
33,3.9912055200000007,495,16384,1,76.28,68.24454498291016,0.1582763671875,-2.0901952194981277,0.2,0.012613989,0.0003,-0.011057227275341575,303.80300410985944,0.7926310747861862,1820
34,18.36366313,475,16384,1,76.73,146.474365234375,0.1651123046875,-2.0981940522789957,0.2,0.012945668,0.0003,-0.011130043393814048,318.2901880592108,0.7834564298391342,1830
33,23.623212480000007,486,16384,1,79.31,100.88131713867188,0.15318603515625,-2.0874083794653417,0.2,0.012355436,0.0003,-0.010712769179281167,334.8297892153263,0.7740416675806046,1840
32,34.26849826,497,16384,1,80.21,107.42687225341797,0.166839599609375,-2.086914307251573,0.2,0.0127161145,0.0003,-0.011524220398041508,334.5213168889284,0.773784726858139,1850
34,28.226583919999992,471,16384,1,80.7,122.15987396240234,0.171624755859375,-2.0876411693170667,0.2,0.012900067,0.0003,-0.011601103478642471,335.2209968805313,0.7506594359874725,1860
34,27.014510499999997,468,16384,1,80.78,247.964599609375,0.164276123046875,-2.091444434039295,0.2,0.012223331,0.0003,-0.010508103895062959,346.5759490609169,0.7640804201364517,1870
34,31.778067980000007,469,16384,1,81.99,129.96261596679688,0.165283203125,-2.0829378684051334,0.2,0.01291699,0.0003,-0.011061809517650545,284.0973367631435,0.7989385277032852,1880
35,33.02733774,460,16384,1,82.15,328.5617980957031,0.14971923828125,-2.076556839980185,0.2,0.011910239,0.0003,-0.010038670395670125,379.6820873439312,0.7289404571056366,1890
32,24.99587229,509,16384,1,79.17,137.07545471191406,0.170245361328125,-2.0758846792392434,0.2,0.01341446,0.0003,-0.011257756338090985,307.6861440181732,0.7870112508535385,1900
35,31.26682536,468,16384,1,80.6,117.93926239013672,0.156500244140625,-2.0677447007503362,0.2,0.012046544,0.0003,-0.010569860162650001,327.4145669549704,0.7654749155044556,1910
37,28.936098149999992,442,16384,1,79.0,167.0135040283203,0.162274169921875,-2.066870170133188,0.2,0.013006953,0.0003,-0.010633654242337798,367.07160160541537,0.7467486262321472,1920
36,23.46311357,451,16384,1,77.69,194.73927307128906,0.17567138671875,-2.061954781925306,0.2,0.0130342,0.0003,-0.011632136498701585,325.2447493553162,0.7610962688922882,1930
33,40.32480622,485,16384,1,79.96,125.85662078857422,0.163214111328125,-2.0550218862481415,0.2,0.012296043,0.0003,-0.010390928272499877,321.2492285579443,0.7647787630558014,1940
39,39.5898718,414,16384,1,84.51,75.17918395996094,0.166314697265625,-2.039760862244293,0.2,0.013485698,0.0003,-0.010891933661696385,311.1684961736202,0.7288022041320801,1950
36,28.75847781,448,16384,1,77.37,105.94190979003906,0.163592529296875,-2.0248852360527962,0.2,0.012460892,0.0003,-0.010389799445374593,289.41561696231366,0.7849187552928925,1960
33,27.9485556,493,16384,1,77.37,104.63941192626953,0.1625,-2.0345800271723418,0.2,0.012340886,0.0003,-0.009941222988072696,284.19442116618154,0.8042348325252533,1970
36,21.159487710000004,450,16384,1,77.7,106.82059478759766,0.155780029296875,-2.030401853332296,0.2,0.012215152,0.0003,-0.009132892639991041,350.75592973232267,0.7239490151405334,1980
35,32.024611009999994,462,16384,1,79.04,282.9725646972656,0.15982666015625,-2.0262902701739223,0.2,0.011969066,0.0003,-0.009341886222136964,396.1185905128717,0.7303639650344849,1990
33,33.72144982,488,16384,1,79.14,113.55966186523438,0.15833740234375,-2.0298505673650653,0.2,0.0124946665,0.0003,-0.011045277972971234,382.8104892492294,0.714946448802948,2000
35,40.84887003,462,16384,1,82.61,125.08490753173828,0.165081787109375,-2.0080772888846696,0.2,0.0124703925,0.0003,-0.010492867764423864,305.2159449994564,0.7694863379001617,2010
36,36.76519934,452,16384,1,79.16,63.80370330810547,0.16240234375,-2.0112037057988346,0.2,0.0125251375,0.0003,-0.009367644287158328,302.4241531044245,0.7717921882867813,2020
34,46.21739488,479,16384,1,83.35,107.01222229003906,0.159381103515625,-2.0041734727099536,0.2,0.012916964,0.0003,-0.010775914527039276,295.7337508529425,0.7629332095384598,2030
34,33.30526617,481,16384,1,78.72,89.54618835449219,0.170391845703125,-2.0047831614501774,0.2,0.0127763,0.0003,-0.01026903406591373,370.95261582434176,0.6645827293395996,2040
37,48.20004959,439,16384,1,83.89,180.41864013671875,0.176763916015625,-2.0008393415249883,0.2,0.0133870905,0.0003,-0.010786163750526611,308.3161015599966,0.7583364397287369,2050
32,37.54070283000001,502,16384,1,79.69,90.62336730957031,0.174041748046875,-1.9864037111401558,0.2,0.013026228,0.0003,-0.011159029614918835,289.1786464959383,0.7460822761058807,2060
33,32.506542489999994,487,16384,1,76.22,64.72021484375,0.1733154296875,-1.9829360991716385,0.2,0.013248015,0.0003,-0.01064705245926234,277.94521006941795,0.7732792794704437,2070
37,47.64402174,437,16384,1,82.73,191.82188415527344,0.172174072265625,-1.977309836493805,0.2,0.013681638,0.0003,-0.010579622573095549,346.1495708435774,0.7510510385036469,2080
33,42.975485629999994,485,16384,1,82.2,159.09298706054688,0.166973876953125,-1.978428017301485,0.2,0.013643714,0.0003,-0.009973731172249246,338.5320398777723,0.7345997989177704,2090
32,45.86404376999999,496,16384,1,80.11,133.17233276367188,0.170263671875,-1.9795628936495633,0.2,0.013199441,0.0003,-0.010623817053419771,300.21338018774986,0.7563048601150513,2100
36,48.369395370000014,446,16384,1,83.29,92.08773803710938,0.161639404296875,-1.9715403326787055,0.2,0.01321952,0.0003,-0.00946068429348088,328.45285093188284,0.701763927936554,2110
36,45.84905479000001,446,16384,1,82.15,89.8790054321289,0.17435302734375,-1.9682380519341678,0.2,0.013421082,0.0003,-0.011194713118766231,243.58874453306197,0.7654687464237213,2120
30,39.92276870999999,540,16384,1,79.91,148.77406311035156,0.1673828125,-1.963685546675697,0.2,0.012561312,0.0003,-0.01026189332260401,264.50031316280365,0.7435210049152374,2130
34,52.29552798999999,474,16384,1,84.33,153.6258087158203,0.15614013671875,-1.9540456279180944,0.2,0.012041665,0.0003,-0.009340061218517803,310.99001967310903,0.7557533830404282,2140
38,49.14684434000001,429,16384,1,81.44,96.46452331542969,0.166790771484375,-1.963210466876626,0.2,0.013893723,0.0003,-0.009148441210072633,276.086397023499,0.7529909908771515,2150
33,59.82945887999999,488,16384,1,84.59,109.03543853759766,0.162823486328125,-1.9780509360600262,0.2,0.012938752,0.0003,-0.008482251339046343,310.9101570293307,0.7521489411592484,2160
33,60.75909513,494,16384,1,86.32,81.5054702758789,0.176702880859375,-1.955986656108871,0.2,0.0133339735,0.0003,-0.010245013375788403,268.84264421314003,0.7522789537906647,2170
39,50.29483719999999,418,16384,1,83.96,198.21168518066406,0.176129150390625,-1.9570175302680581,0.2,0.013661232,0.0003,-0.010339838838353899,265.60872910916805,0.7269875705242157,2180
36,41.178740980000015,446,16384,1,77.64,177.58602905273438,0.172967529296875,-1.9591437011025845,0.2,0.0145462975,0.0003,-0.010289941597511643,256.38148718476293,0.7771864831447601,2190
31,34.02708815999999,516,16384,1,74.48,139.93499755859375,0.17305908203125,-1.9544942990411074,0.2,0.013539359,0.0003,-0.00944286829444536,303.931233304739,0.749065488576889,2200
35,44.843754870000005,464,16384,1,80.54,83.39822387695312,0.17357177734375,-1.950997571181506,0.2,0.013856585,0.0003,-0.010137477813441365,298.7476708382368,0.7681903392076492,2210
37,32.16104841,438,16384,1,75.81,180.7506561279297,0.174322509765625,-1.9477118907496334,0.2,0.013373764,0.0003,-0.009996813619636669,297.8527867808938,0.743000715970993,2220
31,47.0897632,519,16384,1,79.31,112.26225280761719,0.17353515625,-1.9540660709608346,0.2,0.013341412,0.0003,-0.010540317526101716,310.2047278612852,0.7507454007863998,2230
35,55.944232119999995,463,16384,1,87.06,85.29784393310547,0.170892333984375,-1.9414755275473,0.2,0.012679879,0.0003,-0.009769851894998283,264.2004819959402,0.7531695365905762,2240
37,44.53338943,436,16384,1,80.37,136.5869598388672,0.173565673828125,-1.9500136127695442,0.2,0.013708582,0.0003,-0.009633031687008043,278.70870638489725,0.7464985847473145,2250
34,40.21969922,480,16384,1,77.55,137.34088134765625,0.16705322265625,-1.9514381140470505,0.2,0.013028,0.0003,-0.008951923374388571,323.1112393528223,0.7225253582000732,2260
31,34.76928657999999,513,16384,1,79.76,205.78976440429688,0.173114013671875,-1.9549994013737888,0.2,0.0130989775,0.0003,-0.009680596615635296,331.8985179156065,0.7270656824111938,2270
32,50.75269102,499,16384,1,82.24,107.20000457763672,0.16956787109375,-1.9503764301538467,0.2,0.013502529,0.0003,-0.009884197901283188,303.61086987257005,0.756867915391922,2280
38,50.08554547,428,16384,1,84.1,114.06520080566406,0.181256103515625,-1.9437287135981023,0.2,0.013884213,0.0003,-0.009252572148125183,273.2572792798281,0.7112122774124146,2290
30,43.83292923,530,16384,1,82.69,99.47237396240234,0.177252197265625,-1.9423876054119318,0.2,0.013405752,0.0003,-0.0093621463161071,263.2228080675006,0.7492055296897888,2300
33,58.587428929999994,495,16384,1,84.73,106.87818908691406,0.168524169921875,-1.9306614603381604,0.2,0.013296858,0.0003,-0.010141120423668326,306.9720374614,0.7238210141658783,2310
35,45.25877783,455,16384,1,79.47,94.4541244506836,0.177471923828125,-1.9285643936134875,0.2,0.012781178,0.0003,-0.010407810168999276,236.9449078693986,0.7654713839292526,2320
32,55.67217683999999,509,16384,1,83.95,140.94912719726562,0.170513916015625,-1.9257756316568702,0.2,0.0138064595,0.0003,-0.009420639408335773,284.44739336967467,0.7229854762554169,2330
30,42.158728069999995,532,16384,1,79.31,108.9131088256836,0.190264892578125,-1.9124218092299998,0.2,0.0147014875,0.0003,-0.010820375780167524,254.51423781216144,0.770266979932785,2340
35,51.27269716,461,16384,1,81.3,157.1658477783203,0.17108154296875,-1.8987481800839305,0.2,0.014309485,0.0003,-0.010296133170231769,306.59172153770925,0.7488138675689697,2350
35,39.22037005999999,455,16384,1,76.59,118.61286926269531,0.179498291015625,-1.9029991657938807,0.2,0.0140476925,0.0003,-0.009615756167158906,297.3897170200944,0.7291356027126312,2360
32,59.58010545,502,16384,1,85.82,37.56791687011719,0.177099609375,-1.9126790504902602,0.2,0.013340526,0.0003,-0.008614326826045727,244.8251083046198,0.7645848840475082,2370
34,54.80144568,480,16384,1,85.3,151.19937133789062,0.192950439453125,-1.9022154366131871,0.2,0.01417982,0.0003,-0.010932404700542974,271.39927348792554,0.7535901367664337,2380
34,62.105394589999996,474,16384,1,87.36,85.09469604492188,0.1731689453125,-1.909320551622659,0.2,0.013978157,0.0003,-0.009022959224921578,265.5609319061041,0.7499352991580963,2390
37,56.415251149999996,441,16384,1,84.74,76.08137512207031,0.1766357421875,-1.9160485290922225,0.2,0.013702493,0.0003,-0.010395697346302768,200.76553003042937,0.8050986230373383,2400
35,47.019590669999985,461,16384,1,79.0,55.797401428222656,0.16971435546875,-1.9113796931691467,0.2,0.012465828,0.0003,-0.009285319305490702,229.78334740549326,0.7712995558977127,2410
34,37.21876319000001,475,16384,1,77.33,155.99594116210938,0.1894287109375,-1.908531209686771,0.2,0.015162967,0.0003,-0.010536782033159397,245.6997791647911,0.7524058073759079,2420
35,60.04808952999999,461,16384,1,83.12,103.01117706298828,0.17357177734375,-1.9003720241133124,0.2,0.013302426,0.0003,-0.009594975442632858,302.2185316309333,0.7652390599250793,2430
35,51.22491188,458,16384,1,80.57,55.77821731567383,0.180145263671875,-1.9020587387029082,0.2,0.013809761,0.0003,-0.009089903093808971,234.43706601262093,0.7749425768852234,2440
34,63.564001129999994,473,16384,1,84.68,108.99253845214844,0.1755615234375,-1.893913174699992,0.2,0.0133687155,0.0003,-0.009561009948174614,241.76475441604853,0.8000322580337524,2450
36,43.02262742999999,451,16384,1,78.69,107.2403564453125,0.19097900390625,-1.8927142505068333,0.2,0.0139338,0.0003,-0.00877841116853233,246.82728965580463,0.7746600359678268,2460
35,70.32507266,456,16384,1,86.99,50.10628128051758,0.1816162109375,-1.8805178818292916,0.2,0.0144592915,0.0003,-0.010592463399916596,251.60669938474894,0.7727350890636444,2470
33,58.38342549,486,16384,1,81.6,106.76700592041016,0.178204345703125,-1.879275435069576,0.2,0.014347336,0.0003,-0.008572298483977647,259.1373516216874,0.739398330450058,2480
35,62.74674691000001,465,16384,1,86.09,103.34290313720703,0.188128662109375,-1.8702537755016237,0.2,0.0147000905,0.0003,-0.009727930308599753,262.8560241416097,0.721859484910965,2490
33,62.442355500000005,490,16384,1,84.4,95.91635131835938,0.18292236328125,-1.8714932997245342,0.2,0.014320429,0.0003,-0.009755991538349917,259.78846554160117,0.751100167632103,2500
31,54.57391095999999,516,16384,1,83.67,124.42494201660156,0.174029541015625,-1.8635137921199203,0.2,0.014139369,0.0003,-0.008170368202718237,223.8447945445776,0.7471822500228882,2510
36,51.367563600000004,444,16384,1,80.3,72.96428680419922,0.19918212890625,-1.8663345221895724,0.2,0.015030894,0.0003,-0.009065618034446743,214.40332820266485,0.7774609923362732,2520
37,52.21033649,432,16384,1,82.72,137.30368041992188,0.18072509765625,-1.8671327298972755,0.2,0.013680382,0.0003,-0.010300001262885416,264.27194619625806,0.7718069106340408,2530
34,56.86329306999999,469,16384,1,83.32,158.40924072265625,0.17982177734375,-1.8671186474151908,0.2,0.014084488,0.0003,-0.008596876908359263,294.9336860239506,0.6933263838291168,2540
34,59.17250696000001,475,16384,1,85.89,97.38034057617188,0.181005859375,-1.8719297769013792,0.2,0.013517391,0.0003,-0.008384953757104085,258.0867757573724,0.745793491601944,2550
37,54.13836848999998,442,16384,1,82.4,92.53292846679688,0.19085693359375,-1.869150574784726,0.2,0.0140731335,0.0003,-0.008869731124559622,224.99279902875423,0.7760505676269531,2560
33,60.86067137,488,16384,1,82.73,81.55233001708984,0.177838134765625,-1.8707875271327794,0.2,0.012968615,0.0003,-0.007967376680153394,248.74244323819875,0.764713779091835,2570
34,43.99428629999999,481,16384,1,78.55,104.89431762695312,0.185211181640625,-1.8729406595695763,0.2,0.013981351,0.0003,-0.010345047176542721,197.49082993716002,0.7839713841676712,2580
36,55.71972488,447,16384,1,81.39,204.2792205810547,0.17713623046875,-1.8590618036687374,0.2,0.014367357,0.0003,-0.009464474933065504,264.60983187258245,0.7684527486562729,2590
34,59.652813540000004,475,16384,1,83.02,64.81729125976562,0.17852783203125,-1.8742937206756323,0.2,0.014988195,0.0003,-0.008051095843984512,254.33033151850105,0.7349967658519745,2600
34,60.95076517,481,16384,1,84.37,149.95179748535156,0.19185791015625,-1.8740942520555108,0.2,0.014438181,0.0003,-0.009097567883509327,204.97076970636846,0.7896816730499268,2610
35,46.91755866,456,16384,1,78.92,105.73809814453125,0.179010009765625,-1.870596076408401,0.2,0.014452392,0.0003,-0.009132464820777387,288.7049574643373,0.7188982665538788,2620
35,55.61796456,456,16384,1,79.57,85.11378479003906,0.192315673828125,-1.8581247355323285,0.2,0.014298445,0.0003,-0.010056055987115542,274.3849368840456,0.7614071518182755,2630
32,58.74148188,500,16384,1,85.95,140.82708740234375,0.182012939453125,-1.8622115733101965,0.2,0.015125491,0.0003,-0.008915996139421623,255.44444944411515,0.768299326300621,2640
35,46.619110000000006,459,16384,1,80.38,62.236751556396484,0.194024658203125,-1.8680304693523795,0.2,0.014322747,0.0003,-0.009755965719796223,181.0718216150999,0.8179214745759964,2650
34,59.96946785,469,16384,1,83.1,103.77596282958984,0.174285888671875,-1.8604947851505131,0.2,0.014471061,0.0003,-0.00917848898216107,249.09848168790342,0.7616929113864899,2660
32,50.08750992,506,16384,1,77.97,80.42420959472656,0.1873046875,-1.8640552579425276,0.2,0.015762832,0.0003,-0.010583293577019504,195.26296212747692,0.8048860877752304,2670
34,59.79516419000001,468,16384,1,82.74,113.27033233642578,0.183892822265625,-1.8648847874253989,0.2,0.013849911,0.0003,-0.010124290595831554,280.20672269016507,0.7364994883537292,2680
38,51.662908210000005,424,16384,1,80.72,40.637054443359375,0.18863525390625,-1.8649416168686002,0.2,0.014640083,0.0003,-0.00963551989161715,221.3953280135989,0.775466576218605,2690
35,61.31678799,465,16384,1,83.07,63.91987609863281,0.200946044921875,-1.849836525088176,0.2,0.016049823,0.0003,-0.008792762910434248,239.94764535427095,0.7554847598075867,2700
32,66.7302168,510,16384,1,86.98,44.38457107543945,0.180499267578125,-1.8614490205887706,0.2,0.014378589,0.0003,-0.0068418283713072015,171.22663948312402,0.8126636147499084,2710
35,56.988542020000004,466,16384,1,81.9,63.16907501220703,0.191925048828125,-1.8498167513404042,0.2,0.014992205,0.0003,-0.009020048478214448,176.91887490302324,0.8102554529905319,2720
37,72.08941415,439,16384,1,84.91,53.38054275512695,0.193212890625,-1.8514051669742912,0.2,0.01509474,0.0003,-0.009781066761024703,242.27489562779664,0.7269010543823242,2730
30,58.75146358,533,16384,1,81.03,33.20382308959961,0.203466796875,-1.855078897671774,0.2,0.015575798,0.0003,-0.008970014823535166,190.2305697478354,0.7344503998756409,2740
34,54.03803466,471,16384,1,81.95,108.49335479736328,0.1847412109375,-1.8474212616216392,0.2,0.01371118,0.0003,-0.00891954305125182,209.8976728089154,0.7708959132432938,2750
35,47.04207759999999,458,16384,1,77.99,32.103031158447266,0.195098876953125,-1.8557559200096876,0.2,0.014765635,0.0003,-0.009842336073143087,232.70877951681615,0.7642612755298615,2760
35,48.857936689999995,460,16384,1,77.74,165.87147521972656,0.189794921875,-1.8493630199227482,0.2,0.014729956,0.0003,-0.008900676877237857,257.0686201125383,0.7571862637996674,2770
34,56.26631870999999,478,16384,1,84.37,53.951019287109375,0.196356201171875,-1.8549500305205584,0.2,0.014584962,0.0003,-0.009244727077475545,232.20325348675252,0.7392586171627045,2780
35,47.66368323,464,16384,1,78.59,123.62158966064453,0.190283203125,-1.8485193627420813,0.2,0.014874141,0.0003,-0.009375067241398938,266.6332288146019,0.7347754240036011,2790
35,54.92645079000001,462,16384,1,79.55,77.89585876464844,0.18270263671875,-1.8500559095293283,0.2,0.014027855,0.0003,-0.007915510019029171,283.45902478843925,0.7238776981830597,2800
35,53.7990325,459,16384,1,80.51,110.81615447998047,0.183868408203125,-1.844450564449653,0.2,0.013325339,0.0003,-0.008059130166930117,251.6524227872491,0.748018354177475,2810
34,51.42027292999999,469,16384,1,78.28,88.5015869140625,0.192919921875,-1.8502677644137293,0.2,0.014223782,0.0003,-0.010092259877546894,242.8106011658907,0.7462123930454254,2820
34,66.68122954,469,16384,1,84.23,253.14962768554688,0.181866455078125,-1.8402298068627716,0.2,0.014106277,0.0003,-0.008897638615508185,262.3201617062092,0.72856804728508,2830
35,64.97653586999999,465,16384,1,82.39,197.29391479492188,0.19111328125,-1.8411735630128532,0.2,0.014848412,0.0003,-0.0076893016262147285,217.7906381011009,0.7786296457052231,2840
33,72.113067,490,16384,1,87.01,57.35825729370117,0.1914306640625,-1.8384290200192481,0.2,0.015235483,0.0003,-0.009573948430715972,213.42665193676947,0.7416593432426453,2850
32,57.102699869999995,500,16384,1,84.54,90.01810455322266,0.205218505859375,-1.8316368393134326,0.2,0.015568774,0.0003,-0.009213363034814393,153.5211296670139,0.8046662360429764,2860
35,52.004482790000004,456,16384,1,81.22,68.4112548828125,0.1804931640625,-1.839096989389509,0.2,0.014666218,0.0003,-0.008280536529764505,237.32401365190745,0.7670371532440186,2870
36,53.79685085999999,452,16384,1,80.51,150.6310577392578,0.194586181640625,-1.842628190619871,0.2,0.01586481,0.0003,-0.009577845692911069,232.88530517071484,0.754204511642456,2880
34,47.17731654999999,477,16384,1,80.63,147.43614196777344,0.192822265625,-1.8462249781936406,0.2,0.015311306,0.0003,-0.00917697812278675,290.7889698445797,0.7327120304107666,2890
31,58.179249739999996,522,16384,1,82.54,69.91614532470703,0.205621337890625,-1.8438026485964656,0.2,0.016518088,0.0003,-0.010876303056556935,219.12045170515776,0.7961986809968948,2900
36,69.58750434,444,16384,1,88.06,62.35063552856445,0.1972412109375,-1.8477064532693475,0.2,0.014406146,0.0003,-0.007861545639570977,165.32434286922216,0.8019438832998276,2910
34,61.192031619999995,479,16384,1,85.26,62.112060546875,0.184454345703125,-1.8429756627418101,0.2,0.013959227,0.0003,-0.009745290686350928,169.1688186556101,0.8177303522825241,2920
31,53.265715289999996,527,16384,1,81.55,54.91611862182617,0.193829345703125,-1.8395613353699445,0.2,0.014564482,0.0003,-0.010079714237417648,218.02528609484435,0.774140939116478,2930
35,64.01289971,458,16384,1,87.92,55.270084381103516,0.18843994140625,-1.8393055740743876,0.2,0.015401179,0.0003,-0.009905508297924826,238.3991253912449,0.7567312866449356,2940
33,56.63683412,487,16384,1,82.51,70.22370910644531,0.205377197265625,-1.8552598006092011,0.2,0.0157639,0.0003,-0.008815089157405965,181.3759207367897,0.7996871620416641,2950
32,56.4614773,497,16384,1,83.07,95.41426849365234,0.191766357421875,-1.8449724277015775,0.2,0.014141373,0.0003,-0.010201162915382155,233.41752274781464,0.774737074971199,2960
36,73.05887899000001,443,16384,1,87.12,195.35250854492188,0.192633056640625,-1.8548150796908884,0.2,0.015097687,0.0003,-0.009080330330289144,237.1280225649476,0.7555375397205353,2970
32,55.54446769000001,507,16384,1,82.47,33.87928771972656,0.1994873046875,-1.85494511728175,0.2,0.0146241775,0.0003,-0.008800362436340947,172.77577846348285,0.7993793338537216,2980
30,63.79044343,543,16384,1,85.39,80.10090637207031,0.198687744140625,-1.8517756660003215,0.2,0.014698198,0.0003,-0.009165184784751545,182.21247294321657,0.8106206953525543,2990
33,61.3528158,495,16384,1,83.83,26.317243576049805,0.19439697265625,-1.852635999303311,0.2,0.014760331,0.0003,-0.010303638267805582,210.663036377728,0.7487846314907074,3000
33,51.246329530000004,493,16384,1,81.19,107.1718978881836,0.19649658203125,-1.8496509546414017,0.2,0.014622633,0.0003,-0.009649544814851651,191.18364780545235,0.7901408970355988,3010
34,63.49132974000001,477,16384,1,85.53,80.50900268554688,0.183966064453125,-1.8542630480136721,0.2,0.01402814,0.0003,-0.009676494981795259,220.2424304395914,0.8011202663183212,3020
36,55.89844126999999,448,16384,1,80.66,39.261470794677734,0.203985595703125,-1.8642020692583174,0.2,0.015572381,0.0003,-0.00999642049873728,225.3995962753892,0.7583608627319336,3030
34,55.342493850000004,475,16384,1,81.08,41.17750930786133,0.18404541015625,-1.857830953737721,0.2,0.0152635295,0.0003,-0.008965463100503257,235.3289181858301,0.7577306479215622,3040
33,53.182706429999996,490,16384,1,80.9,148.34808349609375,0.188720703125,-1.8621628182008862,0.2,0.014245351,0.0003,-0.008628497387508104,216.23812566027044,0.7893815338611603,3050
36,64.9632599,447,16384,1,83.61,78.9172134399414,0.193634033203125,-1.864697398385033,0.2,0.014191992,0.0003,-0.008926203092460127,207.19634742587806,0.7832292914390564,3060
33,55.40714481,495,16384,1,80.54,75.48950958251953,0.202789306640625,-1.8585938143543899,0.2,0.014543757,0.0003,-0.008349396075755067,167.4836916297674,0.8120511770248413,3070
34,64.55157152,468,16384,1,85.4,156.8394775390625,0.19256591796875,-1.8598602858837694,0.2,0.014295807,0.0003,-0.009625451011288533,225.86382525786757,0.7493314445018768,3080
36,59.597650800000004,450,16384,1,83.15,41.612335205078125,0.19107666015625,-1.844700134312734,0.2,0.015269473,0.0003,-0.009940621478654066,206.58065436184407,0.7693637609481812,3090
34,53.61553642999999,468,16384,1,80.65,35.69478225708008,0.20316162109375,-1.8457814139779658,0.2,0.014639706,0.0003,-0.008936239570039107,195.25655796825885,0.7885004281997681,3100
34,62.57943176999999,481,16384,1,83.09,96.6817626953125,0.18658447265625,-1.8368062018882483,0.2,0.014708919,0.0003,-0.008894773071097007,213.83777671679854,0.775991752743721,3110
37,60.807354110000006,440,16384,1,81.81,35.130531311035156,0.189892578125,-1.8392648620996623,0.2,0.014304198,0.0003,-0.007605489127763576,198.39926957339048,0.7918822169303894,3120
36,54.60695575,447,16384,1,79.84,37.059814453125,0.186859130859375,-1.8341251893900334,0.2,0.01408066,0.0003,-0.008479912870643602,225.79911738559605,0.741877555847168,3130
34,64.42231620000001,479,16384,1,83.23,51.16334533691406,0.19737548828125,-1.8471730425022543,0.2,0.014521537,0.0003,-0.008278736728880177,201.84400032684206,0.7614522874355316,3140
34,62.80619147,473,16384,1,82.78,109.42227935791016,0.20723876953125,-1.8516647044569254,0.2,0.016328152,0.0003,-0.008439313597409636,184.60634614005684,0.7853329628705978,3150
38,69.92914752,424,16384,1,84.49,54.16212844848633,0.19373779296875,-1.8463233758695423,0.2,0.013980571,0.0003,-0.009266474870219098,210.93575937822462,0.7478604316711426,3160
34,58.49001355,477,16384,1,81.93,35.35877990722656,0.20037841796875,-1.8370322104543448,0.2,0.013810249,0.0003,-0.009272859534758027,174.13689664378762,0.7985293418169022,3170
33,62.40076371000001,495,16384,1,81.69,28.900249481201172,0.194573974609375,-1.8402526704594493,0.2,0.015086359,0.0003,-0.008456564299194724,206.74738095253707,0.7939868569374084,3180
36,81.31166429,448,16384,1,88.04,20.749608993530273,0.198358154296875,-1.8303807282354683,0.2,0.01547191,0.0003,-0.009631080306326112,207.47164509221912,0.7756313234567642,3190
36,68.52223297,444,16384,1,85.77,25.659448623657227,0.20186767578125,-1.8198744548484682,0.2,0.014315836,0.0003,-0.00820674166407116,131.150918713212,0.7896948903799057,3200
30,67.72366158000001,543,16384,1,82.98,18.384428024291992,0.205499267578125,-1.8196568037383258,0.2,0.016094219,0.0003,-0.008199884981695504,165.31955692768096,0.8072062134742737,3210
35,42.71160137,462,16384,1,74.21,90.9669418334961,0.18768310546875,-1.8206447849515826,0.2,0.013786118,0.0003,-0.008447347142464423,276.3162039630115,0.6673302948474884,3220
38,66.83806301999999,425,16384,1,84.77,82.61384582519531,0.193603515625,-1.808807143708691,0.2,0.015357644,0.0003,-0.010172696614608867,299.7104734197259,0.6800281405448914,3230
33,63.69602179,484,16384,1,81.51,77.34810638427734,0.206103515625,-1.8011802322696895,0.2,0.014978758,0.0003,-0.00850934846457676,190.47948210909962,0.7680923193693161,3240
34,59.04746758,478,16384,1,81.26,57.181739807128906,0.195697021484375,-1.7945565993897616,0.2,0.015828956,0.0003,-0.008119888682449528,204.11048537194728,0.7527775913476944,3250
36,63.52274758000001,443,16384,1,80.98,126.66340637207031,0.187542724609375,-1.7992584994994103,0.2,0.013659955,0.0003,-0.008199716687795445,224.28429433628918,0.7412566542625427,3260
35,70.06545993,458,16384,1,83.91,43.890777587890625,0.185601806640625,-1.7915352465584875,0.2,0.013609506,0.0003,-0.008126453997692806,222.25052566081285,0.709709107875824,3270
31,67.40518713,517,16384,1,83.02,212.52017211914062,0.19462890625,-1.789189570164308,0.2,0.015631035,0.0003,-0.007262048439815772,194.04896518439054,0.7595050036907196,3280
36,79.66389847,448,16384,1,88.28,66.00228881835938,0.193511962890625,-1.7953944247215987,0.2,0.015054412,0.0003,-0.008515784761948452,237.73837894797325,0.7251458466053009,3290
37,63.822550220000004,441,16384,1,83.39,61.21390914916992,0.215069580078125,-1.7922897630836814,0.2,0.017114766,0.0003,-0.0078073431887787596,177.89439441412688,0.7396131455898285,3300
32,75.07646034,510,16384,1,85.8,94.81681060791016,0.201446533203125,-1.7814050712622702,0.2,0.015142749,0.0003,-0.008413767119236581,211.73400955200196,0.7677829414606094,3310
35,66.81760732000001,461,16384,1,81.65,69.69268798828125,0.200238037109375,-1.7828819768503308,0.2,0.014282752,0.0003,-0.008991001420099565,184.96769874095918,0.7533792406320572,3320
36,51.470978859999995,445,16384,1,79.6,42.514739990234375,0.205877685546875,-1.7850468928925693,0.2,0.015947048,0.0003,-0.010057986209994851,210.85212027058006,0.744243860244751,3330
32,63.61685695,497,16384,1,81.89,118.269287109375,0.1988525390625,-1.7826723670586944,0.2,0.014777869,0.0003,-0.009326405538740801,247.34527903050184,0.7793982028961182,3340
34,63.3657455,481,16384,1,84.72,83.28184509277344,0.19852294921875,-1.782010578783229,0.2,0.01547137,0.0003,-0.009295658528480999,180.30483071506023,0.7912949621677399,3350
36,74.01174673999999,443,16384,1,85.52,71.85488891601562,0.20565185546875,-1.7839539472479373,0.2,0.016143043,0.0003,-0.009851641944169386,191.39289700239897,0.7869877517223358,3360
34,65.81402533999999,478,16384,1,85.76,342.943359375,0.20072021484375,-1.780845281202346,0.2,0.015120508,0.0003,-0.009363699827054007,232.05222156941892,0.7568061500787735,3370
34,63.29497775,477,16384,1,84.61,117.52622985839844,0.19739990234375,-1.7770942662842573,0.2,0.014363693,0.0003,-0.010033706548483678,229.48332075923682,0.7670695781707764,3380
38,64.352041,427,16384,1,84.12,76.83968353271484,0.205133056640625,-1.7851009108591824,0.2,0.01547014,0.0003,-0.009739126745603243,214.51415644735098,0.7805323749780655,3390
35,59.37938616,459,16384,1,82.22,173.0985870361328,0.19522705078125,-1.7771528512705117,0.2,0.015342813,0.0003,-0.009572299610590562,273.7874166071415,0.6981468200683594,3400
33,63.596905299999996,496,16384,1,80.85,69.43851470947266,0.203778076171875,-1.7856729749124498,0.2,0.014486447,0.0003,-0.007909367729416772,177.10848897248508,0.7839218527078629,3410
34,68.79748049000001,475,16384,1,83.72,85.38616943359375,0.20648193359375,-1.794169465219602,0.2,0.015427048,0.0003,-0.00931994765685431,185.4063653461635,0.7924198806285858,3420
35,67.72556884999999,466,16384,1,84.69,36.7603759765625,0.20054931640625,-1.781610354874283,0.2,0.015768925,0.0003,-0.00909677961944908,199.82083946317434,0.7806598395109177,3430
28,60.23694548,570,16384,1,80.51,54.73233413696289,0.212841796875,-1.7854873526841402,0.2,0.01576019,0.0003,-0.010622858816668667,220.46093160659075,0.7699263095855713,3440
35,69.77943391,464,16384,1,84.64,66.99884796142578,0.188446044921875,-1.7817472794093192,0.2,0.014209173,0.0003,-0.009164512509960332,227.26345703303815,0.7432158589363098,3450
38,75.64981478,428,16384,1,86.48,20.35547637939453,0.2158203125,-1.783596166362986,0.2,0.01553409,0.0003,-0.006867566554046789,164.17410305291415,0.7889645397663116,3460
34,72.40405584,481,16384,1,86.74,31.878372192382812,0.195611572265625,-1.7819606051314623,0.2,0.015231714,0.0003,-0.006833151780574554,189.36891129985452,0.7528953701257706,3470
34,71.62124136999999,474,16384,1,85.37,103.0921630859375,0.20394287109375,-1.77996523110196,0.2,0.015261243,0.0003,-0.009388704024240723,160.1963547281921,0.7933244109153748,3480
36,74.94037805999999,447,16384,1,87.69,44.99555587768555,0.194024658203125,-1.7920117331668735,0.2,0.014456404,0.0003,-0.008911381714551681,185.47140873596072,0.7565220445394516,3490
35,69.39024358,467,16384,1,86.7,59.06421661376953,0.210113525390625,-1.7901721796486527,0.2,0.016554601,0.0003,-0.007882640775596883,169.5752910129726,0.768861398100853,3500
34,62.7044831,476,16384,1,85.28,117.85525512695312,0.21962890625,-1.784790236921981,0.2,0.017612115,0.0003,-0.009846349226518215,132.90094904229045,0.8160116076469421,3510
35,52.98447494,464,16384,1,82.12,75.9988784790039,0.19053955078125,-1.774575130175799,0.2,0.015311873,0.0003,-0.00937155178107787,205.4496893540025,0.7931429743766785,3520
36,73.0312222,454,16384,1,85.84,20.65192985534668,0.21478271484375,-1.7727054927498103,0.2,0.01525042,0.0003,-0.009165471264350345,221.08009617552162,0.7776674330234528,3530
34,69.61217914,469,16384,1,84.81,55.88508605957031,0.21290283203125,-1.7745899404399097,0.2,0.016035557,0.0003,-0.00789871822744317,148.713762255013,0.808665007352829,3540
34,58.43230151000001,477,16384,1,81.44,201.7602996826172,0.2036376953125,-1.7678789206780494,0.2,0.015576696,0.0003,-0.00942489425315216,184.49989563003183,0.7794914841651917,3550
37,71.47421368,439,16384,1,86.16,158.46127319335938,0.186932373046875,-1.7739572605118155,0.2,0.014211346,0.0003,-0.007455688286700024,208.23063302114605,0.7668550759553909,3560
34,59.22722113999999,481,16384,1,82.27,68.28791046142578,0.19522705078125,-1.7757421003654599,0.2,0.014517383,0.0003,-0.007389081043038459,194.41983276084065,0.7518246471881866,3570
34,78.35645744,472,16384,1,89.28,112.02469635009766,0.2080078125,-1.7929497205186635,0.2,0.014535772,0.0003,-0.007441332969119685,175.98150562569498,0.7912728488445282,3580
36,74.18747918,447,16384,1,87.42,23.19586944580078,0.203179931640625,-1.7860118330456316,0.2,0.015013829,0.0003,-0.009580220904535964,162.13181343823672,0.8080859035253525,3590
35,63.45327996000001,463,16384,1,85.83,67.94702911376953,0.213275146484375,-1.782876431150362,0.2,0.015460954,0.0003,-0.008724889310633444,173.94416704550386,0.8116388618946075,3600
34,65.02511384000002,476,16384,1,84.2,91.26044464111328,0.202093505859375,-1.7870967916678637,0.2,0.015418686,0.0003,-0.010112794764154387,185.23923920989037,0.7861481159925461,3610
34,55.74239441,471,16384,1,80.2,35.94706344604492,0.208404541015625,-1.776511449366808,0.2,0.015687078,0.0003,-0.010143801580488799,170.8980092585087,0.8067771047353745,3620
36,54.77272466,446,16384,1,80.21,69.282958984375,0.211932373046875,-1.7839826367795468,0.2,0.015825223,0.0003,-0.0076689504349815255,183.33143316954374,0.7905847132205963,3630
33,64.01521493999999,484,16384,1,84.62,117.45272064208984,0.214373779296875,-1.7732910737860947,0.2,0.01734935,0.0003,-0.009287891679014138,188.5381804034114,0.7843106836080551,3640
34,63.59476791,470,16384,1,83.67,83.40238952636719,0.212548828125,-1.7848375590052457,0.2,0.016859844,0.0003,-0.008013634201688546,190.87118796408177,0.7794496119022369,3650
37,81.12237824,437,16384,1,88.05,81.19900512695312,0.201220703125,-1.771200190577656,0.2,0.015832951,0.0003,-0.00964154050734578,216.10378766059875,0.7553592324256897,3660
33,74.91428968,492,16384,1,88.68,161.1886444091797,0.23052978515625,-1.7713888128753752,0.2,0.017000897,0.0003,-0.007898898661733256,127.20324579030276,0.8155456632375717,3670
35,68.53867767000001,467,16384,1,83.98,158.6517791748047,0.215753173828125,-1.7746609425637871,0.2,0.015948102,0.0003,-0.009412041163977846,152.92887073904276,0.8361341208219528,3680
36,71.50837329,443,16384,1,86.07,50.69923400878906,0.21153564453125,-1.765360318450257,0.2,0.015818592,0.0003,-0.008828666832505406,171.57832140102983,0.7540863752365112,3690
36,59.26593754000001,448,16384,1,81.84,162.7943115234375,0.206817626953125,-1.7773104402236641,0.2,0.014199061,0.0003,-0.007418258999859972,183.73075182884932,0.7795837968587875,3700
33,56.54585913,484,16384,1,80.3,80.10171508789062,0.20577392578125,-1.767616128968075,0.2,0.015814062,0.0003,-0.008385624132006341,193.13799513950943,0.7404384911060333,3710
33,63.439571140000005,484,16384,1,82.53,155.31460571289062,0.20076904296875,-1.754306193208322,0.2,0.015884086,0.0003,-0.008389003655065608,225.13610233664514,0.7512289434671402,3720
35,75.76316307,463,16384,1,86.81,69.28784942626953,0.206597900390625,-1.7644371948670596,0.2,0.016552242,0.0003,-0.008547806101796595,221.6161401450634,0.7373292148113251,3730
31,79.72897140999999,514,16384,1,87.03,64.95030212402344,0.21990966796875,-1.7676322972867637,0.2,0.01678995,0.0003,-0.007621161871884397,127.31791098415852,0.8006828427314758,3740
32,59.10720044000001,499,16384,1,82.63,40.60801315307617,0.208197021484375,-1.7789094510488213,0.2,0.01685271,0.0003,-0.006550980477504709,154.9083892159164,0.7736877053976059,3750
39,67.53871823,419,16384,1,84.72,54.04863739013672,0.20784912109375,-1.7677983557339758,0.2,0.015440083,0.0003,-0.007720022130160942,190.79267973005773,0.7638791650533676,3760
34,61.207798280000006,469,16384,1,81.18,173.54087829589844,0.199346923828125,-1.7571063523646444,0.2,0.016364079,0.0003,-0.008147912831464054,220.33609899431468,0.7429288923740387,3770
32,61.17164708999999,507,16384,1,83.19,109.40345001220703,0.21722412109375,-1.7697810722049325,0.2,0.017361458,0.0003,-0.009850102825839712,177.4962650872767,0.7731387317180634,3780
36,50.906158790000006,452,16384,1,79.56,39.01666259765625,0.20830078125,-1.7705673279706389,0.2,0.01566828,0.0003,-0.009147450199134256,155.2832583166659,0.8226288259029388,3790
35,64.03908948,456,16384,1,82.42,171.17669677734375,0.1988525390625,-1.7675709396135062,0.2,0.01507362,0.0003,-0.008276490958269277,250.7220635384321,0.7686847150325775,3800
30,59.59147023,530,16384,1,83.44,88.98175811767578,0.210040283203125,-1.772563508199528,0.2,0.016150337,0.0003,-0.008908882217747304,241.07709077596664,0.7424032092094421,3810
37,74.60867463999999,431,16384,1,87.99,80.36693572998047,0.223187255859375,-1.7752605760470033,0.2,0.017207041,0.0003,-0.009790349080321902,186.5873075939715,0.8042237460613251,3820
36,68.18855162,443,16384,1,84.5,39.51913833618164,0.229449462890625,-1.7793759957887232,0.2,0.016678251,0.0003,-0.008225560720711655,133.89428109377621,0.8306020796298981,3830
32,65.24927622000001,508,16384,1,84.08,29.843997955322266,0.19578857421875,-1.7818829860538243,0.2,0.014777221,0.0003,-0.008903916060171468,166.32494840994477,0.802620604634285,3840
35,66.29380509,464,16384,1,84.5,95.54524993896484,0.201470947265625,-1.791257192613557,0.2,0.015630648,0.0003,-0.007306985853301739,172.5498793683946,0.7789732217788696,3850
37,65.68386905999999,439,16384,1,83.95,74.70204162597656,0.2138671875,-1.7808629006147385,0.2,0.01622406,0.0003,-0.007744704554806958,167.6212557785213,0.7620839476585388,3860
35,61.74779546,465,16384,1,82.88,55.63887023925781,0.205157470703125,-1.783739221887663,0.2,0.014996039,0.0003,-0.007635396077057521,154.0150900416076,0.793525293469429,3870
33,63.48378602000002,490,16384,1,84.76,37.218536376953125,0.20736083984375,-1.7899020570795983,0.2,0.015317054,0.0003,-0.008787926948707536,225.56675833165644,0.7705524116754532,3880
35,64.19530509,466,16384,1,85.4,70.35578155517578,0.223443603515625,-1.7819853827822953,0.2,0.016547922,0.0003,-0.00795150507319704,161.63551320917904,0.8171532899141312,3890
35,68.10652022999999,456,16384,1,85.85,63.100826263427734,0.20018310546875,-1.7719819454941899,0.2,0.017234555,0.0003,-0.009604045436026354,222.88890942558646,0.7754233479499817,3900
33,73.62581279,485,16384,1,88.99,50.82017517089844,0.2205810546875,-1.7645973654463887,0.2,0.014532132,0.0003,-0.008699574267848221,135.8047778572887,0.8188122361898422,3910
34,73.58875162,473,16384,1,86.41,50.77076721191406,0.216436767578125,-1.7699448761995882,0.2,0.018296212,0.0003,-0.007424691624055413,144.92943516001105,0.8078479617834091,3920
34,65.88183539,481,16384,1,83.91,127.55738067626953,0.206976318359375,-1.761528617888689,0.2,0.016096873,0.0003,-0.008086425546571263,177.03321425393224,0.7360325455665588,3930
35,61.04304126,466,16384,1,82.33,40.52265548706055,0.215972900390625,-1.7734540930017828,0.2,0.01486324,0.0003,-0.007918759103085904,161.37431649118662,0.7626826763153076,3940
32,77.24299795,504,16384,1,87.04,120.35507202148438,0.208294677734375,-1.7574229968711734,0.2,0.016361818,0.0003,-0.008351431149003474,229.6609664827585,0.758539468050003,3950
35,56.153847,463,16384,1,79.23,19.298715591430664,0.226336669921875,-1.7712327401619405,0.2,0.016883926,0.0003,-0.008044363302906277,162.56191802471875,0.7565631419420242,3960
35,75.23883155,462,16384,1,88.51,88.63636779785156,0.21278076171875,-1.755990076251328,0.2,0.01600712,0.0003,-0.007824714385378684,161.20761237218977,0.8073434084653854,3970
37,76.55932256,435,16384,1,86.9,115.0538101196289,0.219488525390625,-1.7637254681438208,0.2,0.017036986,0.0003,-0.009073013235774852,168.29809442460538,0.7731275409460068,3980
34,64.57285718,478,16384,1,81.56,32.17887878417969,0.222650146484375,-1.7636063653044403,0.2,0.016580617,0.0003,-0.008044512920787384,139.1930987905711,0.8030209988355637,3990
31,69.50511664999999,515,16384,1,82.61,32.249176025390625,0.2247802734375,-1.7622284441720695,0.2,0.016692264,0.0003,-0.00888360087546971,186.58789039850234,0.7765736281871796,4000
37,75.86808772,438,16384,1,87.31,79.12281036376953,0.210382080078125,-1.754479018226266,0.2,0.015639901,0.0003,-0.0073104485486510384,175.78320372924208,0.7502192705869675,4010
33,72.64455445,484,16384,1,86.79,76.5074234008789,0.226629638671875,-1.754232626175508,0.2,0.016849406,0.0003,-0.0076775985950916946,155.11697934642433,0.7784782946109772,4020
31,81.7304164,519,16384,1,86.89,51.94411849975586,0.225518798828125,-1.754169839853421,0.2,0.016777962,0.0003,-0.01015700004008977,140.71529875695705,0.7981328666210175,4030
35,83.55858534000001,458,16384,1,87.05,49.262168884277344,0.226055908203125,-1.7444589091930538,0.2,0.016379703,0.0003,-0.00896429745680507,135.89436812028288,0.8183532506227493,4040
35,82.16909433999999,464,16384,1,87.6,18.43944549560547,0.230224609375,-1.7351770679932088,0.2,0.017281208,0.0003,-0.007968900479772856,126.30489114448429,0.813435971736908,4050
32,70.79751849,501,16384,1,84.99,24.53235626220703,0.227337646484375,-1.7374232809524983,0.2,0.019151721,0.0003,-0.007236498197107722,127.58447505868972,0.8384576737880707,4060
35,69.15988235,464,16384,1,84.27,59.00502014160156,0.20972900390625,-1.7242307784967124,0.2,0.016024113,0.0003,-0.008846285811705457,146.2418397385627,0.8211819678544998,4070
37,68.17679728,439,16384,1,84.77,49.71599578857422,0.2126953125,-1.7318829732947052,0.2,0.01573671,0.0003,-0.007814392783075164,164.9293416954577,0.8098223358392715,4080
33,80.67864124,489,16384,1,88.52,178.54122924804688,0.205548095703125,-1.7163328923285008,0.2,0.016634699,0.0003,-0.008414804947551601,180.00528537556528,0.7936840355396271,4090
34,80.82850298,468,16384,1,87.55,30.912296295166016,0.2293212890625,-1.7205966243054718,0.2,0.017254028,0.0003,-0.009182359661781447,169.5512745767832,0.7609717547893524,4100
37,74.25915219000001,435,16384,1,87.03,35.54835510253906,0.222161865234375,-1.723217350896448,0.2,0.017878234,0.0003,-0.006787523820912611,129.01873812638223,0.8203163743019104,4110
36,65.44743246999998,446,16384,1,82.96,39.267784118652344,0.207684326171875,-1.7137520149350167,0.2,0.016693529,0.0003,-0.007237980555419199,164.90566544607282,0.7949904650449753,4120
32,70.48516289000001,499,16384,1,84.84,70.39289855957031,0.212200927734375,-1.7175301119685173,0.2,0.017238893,0.0003,-0.008389567686572263,166.82085082605482,0.7865844964981079,4130
35,73.19263794,462,16384,1,84.71,104.00115966796875,0.208416748046875,-1.7070544270332904,0.2,0.015158048,0.0003,-0.007554222572935032,190.314860034734,0.7757508009672165,4140
36,75.28142168000001,447,16384,1,85.35,43.522865295410156,0.218017578125,-1.7246715419925749,0.2,0.016853899,0.0003,-0.008117791650511208,139.81421548351645,0.8073930144309998,4150
32,54.12177899,505,16384,1,78.78,34.53681182861328,0.21400146484375,-1.7256261248141527,0.2,0.015607391,0.0003,-0.007783656511082882,149.27035260424017,0.8013103604316711,4160
35,71.30373682999999,457,16384,1,86.66,98.86764526367188,0.21168212890625,-1.714432780072093,0.2,0.015692238,0.0003,-0.00882047255827274,195.44937752783298,0.7866377234458923,4170
37,62.51432477,434,16384,1,82.67,44.81500244140625,0.22891845703125,-1.7168005475774408,0.2,0.01689484,0.0003,-0.007581711687998904,176.90562589466572,0.7582069039344788,4180
35,69.78467651999999,463,16384,1,86.05,26.81779670715332,0.222235107421875,-1.718563159601763,0.2,0.016943857,0.0003,-0.010017103159225372,157.71088034436107,0.796029657125473,4190
33,68.86692778,485,16384,1,83.84,37.14430618286133,0.23851318359375,-1.7148051241412758,0.2,0.019226681,0.0003,-0.007734699890352204,131.26564368978143,0.8181056827306747,4200
37,68.39185801000002,439,16384,1,85.67,29.54416275024414,0.224798583984375,-1.7115693441592157,0.2,0.01741616,0.0003,-0.008560631704904153,135.08033463060855,0.8219650834798813,4210
34,75.16618792999999,472,16384,1,85.61,97.26929473876953,0.209490966796875,-1.7174203796312213,0.2,0.015639395,0.0003,-0.007696608892047152,188.90862113460898,0.777994230389595,4220
34,64.01846321,469,16384,1,82.15,16.34752655029297,0.220526123046875,-1.7180933580733835,0.2,0.015759092,0.0003,-0.008732412328436112,128.08516730442642,0.8367097079753876,4230
37,87.49871727000001,439,16384,1,89.58,143.72926330566406,0.22708740234375,-1.7120662515051663,0.2,0.016810074,0.0003,-0.008978581486735493,148.8950459305197,0.8152239918708801,4240
35,80.34167481,463,16384,1,87.08,25.769447326660156,0.215447998046875,-1.7152441320940852,0.2,0.01589322,0.0003,-0.007566277230398555,118.59209116920829,0.7972653955221176,4250
34,81.97992107,478,16384,1,86.87,55.42604064941406,0.2172119140625,-1.7019576214253902,0.2,0.016111456,0.0003,-0.00887399012735841,96.74045951962471,0.8467003703117371,4260
36,78.15416356,450,16384,1,88.07,27.95127296447754,0.206646728515625,-1.7021939425263555,0.2,0.015758142,0.0003,-0.008423087678829688,155.1188567519188,0.7919841706752777,4270
35,77.61331064999999,465,16384,1,84.42,49.61732482910156,0.21650390625,-1.7052629740908742,0.2,0.015931793,0.0003,-0.009086368691760072,145.20934800617397,0.799841582775116,4280
30,74.53317933,531,16384,1,85.47,21.977176666259766,0.2239013671875,-1.7053011585958302,0.2,0.01586508,0.0003,-0.007274083919219266,125.63843475878238,0.8286197632551193,4290
35,80.6098141,458,16384,1,86.17,114.51769256591797,0.215863037109375,-1.7042575649451464,0.2,0.017239567,0.0003,-0.009269448235545496,167.31030205152928,0.8150677680969238,4300
33,82.55530143,488,16384,1,86.96,67.33748626708984,0.220684814453125,-1.694133871467784,0.2,0.01666145,0.0003,-0.007780398447403058,136.28634868636726,0.8308214247226715,4310
35,81.79574303000001,462,16384,1,90.18,10.938331604003906,0.219073486328125,-1.699968096986413,0.2,0.018070621,0.0003,-0.007476506509556202,106.56024890728295,0.8328927308320999,4320
38,70.86372111,430,16384,1,83.0,13.96826457977295,0.22159423828125,-1.696526430407539,0.2,0.014940616,0.0003,-0.0072023706834897895,126.94925876855851,0.8268201798200607,4330
35,78.3157561,461,16384,1,85.47,43.01039123535156,0.2152099609375,-1.7083348529879003,0.2,0.016394144,0.0003,-0.007455354585999885,158.90357754081487,0.7805857509374619,4340
34,66.67548905,478,16384,1,81.59,84.51536560058594,0.224853515625,-1.7050502158235759,0.2,0.015990097,0.0003,-0.007983669206714695,134.1236382357776,0.8224901705980301,4350
36,62.3777464,447,16384,1,80.77,43.48701858520508,0.2111083984375,-1.698117410345003,0.2,0.016413767,0.0003,-0.008863139079949178,173.7708867557347,0.8098219037055969,4360
36,71.58456799000001,445,16384,1,84.2,34.12635803222656,0.206427001953125,-1.6948620973154902,0.2,0.01621132,0.0003,-0.008204869419159877,213.40044301077722,0.7645927220582962,4370
33,67.21981167,483,16384,1,81.93,99.52442932128906,0.233050537109375,-1.7053948000073433,0.2,0.017418997,0.0003,-0.007992841989016597,132.65530054420233,0.8004852086305618,4380
35,77.33991040999999,456,16384,1,85.08,84.37579345703125,0.21859130859375,-1.710110280290246,0.2,0.016916662,0.0003,-0.008275215145749826,152.38907064795495,0.788355141878128,4390
35,78.32712489,463,16384,1,84.93,46.463199615478516,0.22664794921875,-1.6962018170859665,0.2,0.017285582,0.0003,-0.007522431948336817,100.4225512944162,0.8472904562950134,4400
38,79.35932853,430,16384,1,85.74,32.5599479675293,0.2228515625,-1.7025356975849717,0.2,0.017721813,0.0003,-0.008602049959790747,102.14884957410395,0.8263793140649796,4410
37,71.8718788,442,16384,1,82.02,108.20392608642578,0.210186767578125,-1.7048900564666838,0.2,0.015636075,0.0003,-0.007621779114288074,124.58111115545034,0.8040529638528824,4420
35,73.46967423,462,16384,1,84.09,170.20346069335938,0.1958251953125,-1.7063199941068887,0.2,0.014696395,0.0003,-0.006225042817322901,169.3749512847513,0.7905852943658829,4430
36,73.02110499,445,16384,1,82.82,73.96134948730469,0.214617919921875,-1.6969960381276905,0.2,0.015850505,0.0003,-0.009016587742507909,133.22711263932288,0.8254866600036621,4440
32,78.34846114,505,16384,1,85.48,55.7410774230957,0.204144287109375,-1.7051903180778027,0.2,0.014216688,0.0003,-0.008718680713718641,169.8956859216094,0.7980432510375977,4450
36,72.60507648,453,16384,1,82.87,36.464561462402344,0.20118408203125,-1.692134743044153,0.2,0.014111059,0.0003,-0.007434905999798502,140.0476547881961,0.819928914308548,4460
33,77.11659317,491,16384,1,85.55,135.5976104736328,0.218609619140625,-1.696108779590577,0.2,0.01747118,0.0003,-0.007773920685849589,149.70671001672744,0.7846625298261642,4470
34,71.78176577,472,16384,1,82.61,54.218135833740234,0.231884765625,-1.6893912293948232,0.2,0.016411198,0.0003,-0.008695858380906429,149.87346733510495,0.776860922574997,4480
38,87.24778196,429,16384,1,89.0,144.84219360351562,0.20294189453125,-1.6864894344471395,0.2,0.016193364,0.0003,-0.007571296549758699,146.19465446174144,0.8071586042642593,4490
36,73.86783373,449,16384,1,83.99,21.308319091796875,0.23082275390625,-1.6904189629945905,0.2,0.017470773,0.0003,-0.007954407438978706,129.57461723685265,0.7858522981405258,4500
32,68.61977947000001,509,16384,1,81.72,132.38003540039062,0.22164306640625,-1.6851256605703384,0.2,0.016595747,0.0003,-0.00858057356954305,122.09248380549252,0.8198627382516861,4510
35,71.79108685,465,16384,1,82.12,52.32290267944336,0.217803955078125,-1.6876772999297827,0.2,0.018275829,0.0003,-0.009767572238342837,170.71305719539524,0.7565149515867233,4520
35,69.70486222,457,16384,1,81.53,30.374486923217773,0.217889404296875,-1.6809022956993431,0.2,0.016662963,0.0003,-0.00789253753328012,173.142405198887,0.7833551466464996,4530
34,84.12717919999997,477,16384,1,87.18,31.556093215942383,0.229254150390625,-1.6856730825733393,0.2,0.017422894,0.0003,-0.007779653690431587,128.33021383546293,0.8055719286203384,4540
35,64.00263666,462,16384,1,79.87,29.74110984802246,0.22843017578125,-1.6847917329519988,0.2,0.01870247,0.0003,-0.007362535932225,162.78887684419752,0.7302021682262421,4550
37,76.47459187,442,16384,1,84.65,109.2055435180664,0.2177734375,-1.67143597160466,0.2,0.016998611,0.0003,-0.008843440113378166,116.87135269008577,0.8358951210975647,4560
34,64.95107300999999,481,16384,1,81.35,126.3978271484375,0.2138916015625,-1.6821794584393501,0.2,0.016436387,0.0003,-0.008587302774367344,175.35199176818134,0.7562564611434937,4570
33,62.390409500000004,485,16384,1,79.54,54.342132568359375,0.223162841796875,-1.6792263840325177,0.2,0.019150581,0.0003,-0.009142496642243713,182.849202670902,0.7521320134401321,4580
30,64.24825817,537,16384,1,79.38,81.83755493164062,0.21766357421875,-1.6969070718623698,0.2,0.016324155,0.0003,-0.008398942369967698,158.36165927127004,0.8192764818668365,4590
36,77.55592525,452,16384,1,85.13,39.63888931274414,0.226751708984375,-1.6912991128396242,0.2,0.015802857,0.0003,-0.008166641039406387,169.0730850994587,0.7831236720085144,4600
31,71.21652499999999,519,16384,1,83.07,67.79254913330078,0.23035888671875,-1.6915837457869203,0.2,0.018404732,0.0003,-0.007712250612348726,138.85552681088447,0.7858859151601791,4610
33,75.98276345000001,486,16384,1,83.32,22.791662216186523,0.21796875,-1.6879661158192902,0.2,0.016767088,0.0003,-0.008299215715214813,158.8282013066113,0.7940193861722946,4620
34,72.57296704000001,477,16384,1,82.23,101.70484161376953,0.218182373046875,-1.6886565145570784,0.2,0.017646208,0.0003,-0.00880442859906907,152.68270670324563,0.8096512854099274,4630
30,77.761182,529,16384,1,82.9,100.69598388671875,0.222662353515625,-1.6868212322704494,0.2,0.016076958,0.0003,-0.008038151864320752,135.18327317386866,0.8262023031711578,4640
34,77.15265521,479,16384,1,84.15,34.59630584716797,0.23421630859375,-1.6871911671478301,0.2,0.017626481,0.0003,-0.008448120043249218,134.22050794623792,0.8252046853303909,4650
34,71.08176767,472,16384,1,82.52,68.62955474853516,0.226190185546875,-1.6923772341106087,0.2,0.016335621,0.0003,-0.006909959962604262,108.73374817818403,0.8343727737665176,4660
31,78.74330604,513,16384,1,87.51,33.515960693359375,0.220556640625,-1.674649510299787,0.2,0.017597247,0.0003,-0.00910053667776083,151.17413044273854,0.7994018197059631,4670
31,74.70147659999999,512,16384,1,82.45,18.39518928527832,0.23214111328125,-1.6807269176933914,0.2,0.0168448,0.0003,-0.008699530818375933,94.8593262039125,0.8480420559644699,4680
38,68.30767603000001,429,16384,1,81.31,65.36396789550781,0.2035400390625,-1.678140211198479,0.2,0.015849754,0.0003,-0.006818503132899422,160.97916923575104,0.776913657784462,4690
35,65.43132582999999,455,16384,1,81.67,87.41474914550781,0.221575927734375,-1.6792569377925246,0.2,0.015827933,0.0003,-0.006442215627703263,131.97532239556313,0.8389252722263336,4700
31,75.90242101,513,16384,1,85.17,60.085201263427734,0.21136474609375,-1.6836018525529652,0.2,0.016978338,0.0003,-0.008523162070605394,180.45798907727004,0.7551281899213791,4710
36,76.27511354,449,16384,1,84.83,25.230121612548828,0.2197509765625,-1.6808136766310782,0.2,0.016383726,0.0003,-0.007528432282470021,153.10900472253562,0.8140828609466553,4720
36,72.50542408,452,16384,1,82.79,40.89002227783203,0.22930908203125,-1.6789810212794691,0.2,0.01743787,0.0003,-0.007628882522749336,124.67949939146638,0.8097498714923859,4730
33,73.80611285,483,16384,1,82.4,35.37812042236328,0.221630859375,-1.6751471293158828,0.2,0.017614594,0.0003,-0.006528907883148349,133.19261172264814,0.8115045875310898,4740
35,70.06965924000001,459,16384,1,83.7,426.38189697265625,0.2142578125,-1.6692883827723564,0.2,0.016548777,0.0003,-0.007394452523521977,162.31978569626807,0.77383191883564,4750
37,74.62478008,437,16384,1,84.28,89.19495391845703,0.235302734375,-1.6721101289615035,0.2,0.017038176,0.0003,-0.010176334497418792,119.55422349199652,0.8281470090150833,4760
34,73.98153998000001,469,16384,1,83.55,70.03228759765625,0.22899169921875,-1.6688377712387592,0.2,0.017989285,0.0003,-0.006352087444111021,131.55586860738694,0.824341207742691,4770
33,80.85728551999999,484,16384,1,86.15,112.10047149658203,0.219830322265625,-1.6681170999072492,0.2,0.017433576,0.0003,-0.0077690894190254765,119.06897932104766,0.8352124094963074,4780
35,82.44827140000001,461,16384,1,85.42,76.7410659790039,0.214361572265625,-1.655528720933944,0.2,0.01622747,0.0003,-0.0075985353752003,144.4703403007239,0.8130993545055389,4790
32,74.07641163,499,16384,1,81.75,46.83933639526367,0.233575439453125,-1.6641269349958747,0.2,0.017699791,0.0003,-0.00794044224398931,114.26829402185976,0.8325413912534714,4800
35,85.73409557000001,462,16384,1,87.01,41.649208068847656,0.217108154296875,-1.6638213874306529,0.2,0.017636318,0.0003,-0.007705067964343471,109.32542874440551,0.8257329016923904,4810
32,74.1348654,499,16384,1,83.43,18.403087615966797,0.232135009765625,-1.6718072650954128,0.2,0.016309366,0.0003,-0.006659128707497075,88.74212480895221,0.8673528879880905,4820
34,78.50642455999999,481,16384,1,85.09,73.20068359375,0.19866943359375,-1.6645679018925876,0.2,0.01503853,0.0003,-0.0070022048777900634,133.07401832081376,0.8175603002309799,4830
35,77.73793539999998,461,16384,1,84.15,148.39920043945312,0.215045166015625,-1.6718398444820195,0.2,0.016634732,0.0003,-0.00712528384556208,166.06232356503605,0.7650803178548813,4840
33,80.42103750999999,486,16384,1,85.77,33.421443939208984,0.219915771484375,-1.6705319442320614,0.2,0.017637048,0.0003,-0.007458464708406609,145.49389287382365,0.8022782951593399,4850
35,78.09821472,466,16384,1,84.07,78.2800064086914,0.21669921875,-1.6682885974179953,0.2,0.016095547,0.0003,-0.00818074447820436,131.83581072352825,0.8338313400745392,4860
35,79.21684141,467,16384,1,84.2,9.612184524536133,0.22198486328125,-1.6677591710351407,0.2,0.017049681,0.0003,-0.008271300128035364,136.73901841156186,0.7943112105131149,4870
34,73.53771019999999,474,16384,1,84.42,68.15165710449219,0.21468505859375,-1.6668690867722034,0.2,0.017131776,0.0003,-0.006496505533505115,130.64393864385784,0.8099700957536697,4880
32,79.48971619000001,504,16384,1,83.36,10.47232723236084,0.210992431640625,-1.6525011877529323,0.2,0.01752901,0.0003,-0.008005966400264696,126.88003917820751,0.8049069792032242,4890
35,75.75518566,459,16384,1,83.43,100.07158660888672,0.21195068359375,-1.653775658039376,0.2,0.015241221,0.0003,-0.006998583439599315,145.27820704616607,0.8036137074232101,4900
37,71.89611093,431,16384,1,80.37,77.70038604736328,0.219940185546875,-1.6575210894923658,0.2,0.015420476,0.0003,-0.007043889255237445,114.83902515135705,0.853697881102562,4910
34,76.60480907,470,16384,1,82.6,27.344463348388672,0.220904541015625,-1.6478966017253698,0.2,0.017437626,0.0003,-0.009936411670196321,143.2696519188583,0.8100291043519974,4920
34,62.89722255999999,472,16384,1,78.51,19.249521255493164,0.217620849609375,-1.651683451840654,0.2,0.01583093,0.0003,-0.007984727854682206,130.33221888653935,0.821636438369751,4930
36,69.28860881,454,16384,1,80.61,34.428165435791016,0.210467529296875,-1.6474703847430647,0.2,0.01601525,0.0003,-0.009177922977733033,167.44277224615217,0.7855463176965714,4940
35,75.89408691,463,16384,1,84.56,93.62427520751953,0.22364501953125,-1.6472437129821629,0.2,0.018066464,0.0003,-0.007621475227460905,161.26975048966705,0.7899544835090637,4950
35,76.77590616999998,464,16384,1,82.42,17.1032657623291,0.23612060546875,-1.6525070840027183,0.2,0.018035099,0.0003,-0.006707179122258822,143.33095796480774,0.8077854067087173,4960
36,76.9320852,451,16384,1,82.13,133.35195922851562,0.223504638671875,-1.6324729815125465,0.2,0.018744554,0.0003,-0.00863892516058513,163.85483980700374,0.7740631401538849,4970
36,72.02058385,444,16384,1,80.14,74.71598815917969,0.213848876953125,-1.6459305410739034,0.2,0.017117538,0.0003,-0.007289061946630681,173.59894301854075,0.7833752483129501,4980
35,83.44207015,460,16384,1,84.35,30.629409790039062,0.21026611328125,-1.6409897666890174,0.2,0.015949849,0.0003,-0.007713001557658572,167.90028260275722,0.7986230552196503,4990
33,74.82045869000001,491,16384,1,81.46,46.54977798461914,0.226812744140625,-1.6409062832593917,0.2,0.017618647,0.0003,-0.007910052948773227,132.41248122230172,0.7770311683416367,5000
34,74.44659175999999,474,16384,1,82.04,8.200736045837402,0.23253173828125,-1.6374102520756424,0.2,0.019149113,0.0003,-0.009307375934577066,133.29065314121544,0.7786203175783157,5010
36,59.17376856999999,443,16384,1,76.3,93.61268615722656,0.208538818359375,-1.642613616818562,0.2,0.016434718,0.0003,-0.007599718407027467,166.67092540413142,0.7819876819849014,5020
34,80.90760828999998,477,16384,1,81.27,144.51541137695312,0.205841064453125,-1.6392373510170728,0.2,0.016052146,0.0003,-0.008776610916083883,236.16148408800365,0.7024485170841217,5030
33,71.45329462,490,16384,1,81.01,53.05646514892578,0.22034912109375,-1.638993842760101,0.2,0.018076893,0.0003,-0.00799501339733979,157.1444243274629,0.7885380238294601,5040
37,69.4223084,434,16384,1,79.42,113.28144836425781,0.21920166015625,-1.6450281277298928,0.2,0.017000297,0.0003,-0.007256541076458234,154.4091714195907,0.7604303807020187,5050
33,79.12253516000001,485,16384,1,83.55,70.95672607421875,0.2069580078125,-1.6457194652874023,0.2,0.015452479,0.0003,-0.006927609426747949,187.20151033252478,0.7556133568286896,5060
37,72.05266634,436,16384,1,80.89,35.6044921875,0.21685791015625,-1.6547118964139371,0.2,0.016991286,0.0003,-0.007809637726131769,119.88765094392002,0.819664478302002,5070
35,71.95515816,467,16384,1,80.2,124.3252182006836,0.2120849609375,-1.6468171440064907,0.2,0.016155854,0.0003,-0.008258393031655941,175.3334548763931,0.7781659364700317,5080
32,81.80089308000001,505,16384,1,83.2,42.20016098022461,0.2020263671875,-1.6505460031796246,0.2,0.016119422,0.0003,-0.008282748279907538,169.96565416902303,0.7700870484113693,5090
35,82.09438838999999,460,16384,1,82.56,200.76719665527344,0.21275634765625,-1.6552253249567002,0.2,0.016638579,0.0003,-0.008296011121001357,150.31191807612777,0.7845307141542435,5100
34,78.46834333,479,16384,1,83.3,38.491180419921875,0.2219482421875,-1.6425436893943697,0.2,0.01844109,0.0003,-0.008140017497862573,168.815907144174,0.7650765627622604,5110
34,87.09098519999999,481,16384,1,85.58,22.377521514892578,0.220489501953125,-1.6535666293930262,0.2,0.015626661,0.0003,-0.00707463474918768,126.0299165096134,0.8096813410520554,5120
35,66.64571898,459,16384,1,78.37,30.674888610839844,0.227947998046875,-1.6537088212557136,0.2,0.019456096,0.0003,-0.007809959075211736,132.4328455451876,0.8026746958494186,5130
35,78.64714750000002,458,16384,1,82.35,83.9628677368164,0.220562744140625,-1.661220425972715,0.2,0.016887408,0.0003,-0.007827351017840555,183.52395314127207,0.740503579378128,5140
33,79.84887743,492,16384,1,83.8,273.6773376464844,0.228546142578125,-1.6429853089153768,0.2,0.017349362,0.0003,-0.00794060933531,127.8905494786799,0.8098009526729584,5150
36,81.19372977,454,16384,1,83.18,16.159944534301758,0.2288330078125,-1.6462653075810523,0.2,0.018424723,0.0003,-0.009138052910202532,138.55721647888421,0.8159461468458176,5160
38,75.58057634,426,16384,1,81.64,12.740570068359375,0.2207275390625,-1.649657495552674,0.2,0.01617711,0.0003,-0.007867164950403094,125.21117962263524,0.8154319524765015,5170
33,79.96342064,486,16384,1,81.91,50.72702407836914,0.219464111328125,-1.6425349399447442,0.2,0.017034397,0.0003,-0.008528650451444264,159.64876035749913,0.7591384053230286,5180
35,74.19679746,467,16384,1,81.93,74.5550765991211,0.22510986328125,-1.6455171356443317,0.2,0.016344313,0.0003,-0.005744769941611594,133.93567864000798,0.7823552042245865,5190
35,79.53840354,460,16384,1,83.02,28.25531768798828,0.2266357421875,-1.6395085534080862,0.2,0.017550113,0.0003,-0.008307751226584514,124.48401266559958,0.8173169940710068,5200
33,79.35448931,486,16384,1,83.85,16.626619338989258,0.236334228515625,-1.6415272704791277,0.2,0.017596044,0.0003,-0.006980772901806631,123.76555309556424,0.7935174107551575,5210
37,83.00180312,440,16384,1,84.72,50.217018127441406,0.2161376953125,-1.623145438497886,0.2,0.016638093,0.0003,-0.00762247398015461,168.33431221321226,0.7669329196214676,5220
36,75.35936041,452,16384,1,82.54,58.64814376831055,0.2084228515625,-1.6275617390405386,0.2,0.014686873,0.0003,-0.006888627292255478,120.41443409882486,0.8230081796646118,5230
35,77.95489576,461,16384,1,83.5,124.34976196289062,0.218121337890625,-1.6257195238023996,0.2,0.017725736,0.0003,-0.006154764951179459,131.49676992185414,0.796386644244194,5240
35,81.72415391000001,467,16384,1,83.84,17.927370071411133,0.225372314453125,-1.6364432913251221,0.2,0.017248712,0.0003,-0.0065763944945501866,121.60976148210466,0.8244174867868423,5250
38,80.27333009,422,16384,1,82.25,12.29574966430664,0.2228271484375,-1.6131066085305066,0.2,0.01803765,0.0003,-0.008272797041081503,135.2105267163366,0.8014816045761108,5260
34,77.57964324000001,470,16384,1,82.8,241.58460998535156,0.213201904296875,-1.6210917071439326,0.2,0.016241701,0.0003,-0.007607320174929555,154.709756237641,0.7613645195960999,5270
34,68.36611099,473,16384,1,78.74,19.704830169677734,0.2197509765625,-1.6168118542525918,0.2,0.016083226,0.0003,-0.007293406462440544,129.8921469282359,0.8133968114852905,5280
36,78.33755361,449,16384,1,82.07,23.982486724853516,0.2233154296875,-1.6221134475897998,0.2,0.016411163,0.0003,-0.008012525846879726,170.42157672308386,0.7788690626621246,5290
31,75.36602551,527,16384,1,81.82,44.10673522949219,0.225189208984375,-1.6327633545268327,0.2,0.016690714,0.0003,-0.007279955813373817,129.84513677172362,0.8004735559225082,5300
32,71.56747878,504,16384,1,80.33,57.93943405151367,0.188885498046875,-1.6060184852220118,0.2,0.015504263,0.0003,-0.007310508041064168,184.58451976403595,0.7892763912677765,5310
32,78.29611550999999,506,16384,1,83.3,137.91937255859375,0.224603271484375,-1.616708979010582,0.2,0.016591465,0.0003,-0.007901497435886995,174.8707328233868,0.7941461652517319,5320
30,71.12700656,533,16384,1,79.81,30.74726104736328,0.20367431640625,-1.6093591462355108,0.2,0.01498733,0.0003,-0.007069261591550457,179.92606031969189,0.7800188213586807,5330
37,71.29790460999999,432,16384,1,80.87,129.71937561035156,0.1939208984375,-1.607652277732268,0.2,0.014277026,0.0003,-0.008359701771678375,210.25104983001947,0.752720907330513,5340
37,73.03627332,441,16384,1,81.18,137.754638671875,0.2287353515625,-1.5979843642562628,0.2,0.017253537,0.0003,-0.008144719837900993,175.12630989030004,0.7811979204416275,5350
34,80.59054175,478,16384,1,84.08,100.73446655273438,0.2174560546875,-1.608446224592626,0.2,0.016371507,0.0003,-0.007239766594329922,144.80600700080396,0.8128995150327682,5360
35,75.93218743999999,466,16384,1,82.21,74.6895523071289,0.2290771484375,-1.6003859803080558,0.2,0.017832976,0.0003,-0.007964241862282506,126.98237034156918,0.8156623542308807,5370
36,67.24805254,451,16384,1,78.59,43.09991455078125,0.20396728515625,-1.596761667309329,0.2,0.017083121,0.0003,-0.006924188939501618,153.84703739397227,0.7783358842134476,5380
30,79.63855138,534,16384,1,84.85,79.86427307128906,0.20528564453125,-1.5986615530680865,0.2,0.017823124,0.0003,-0.006757546403059677,171.98228974230588,0.776788741350174,5390
34,79.8185942,480,16384,1,82.01,40.04410171508789,0.21885986328125,-1.6056049836799502,0.2,0.01587738,0.0003,-0.008286732204305735,130.6304447773844,0.8049691468477249,5400
39,76.04019853999999,410,16384,1,82.09,50.8094596862793,0.214111328125,-1.5916570493020117,0.2,0.015300996,0.0003,-0.0062767321084720605,133.27367160767318,0.794171005487442,5410
21,80.84865135,759,16384,1,82.3,33.408607482910156,0.220721435546875,-1.5927842726930976,0.2,0.01732938,0.0003,-0.008525725594790857,152.93528099767863,0.7826053351163864,5420
11,73.40817609,1397,16384,1,82.0,60.478721618652344,0.240771484375,-1.6007190730888397,0.2,0.01820526,0.0003,-0.007471758054634847,105.18316766284406,0.835065171122551,5430
